"Table 8.  Electricity Supply, Disposition, Prices, and Emissions"
"https://www.eia.gov/outlooks/aeo/data/browser/#/?id=8-AEO2022&region=0-0&cases=ref2022~highprice~lowprice&start=2021&end=2050&f=A&linechart=ref2022-d011222a.6-8-AEO2022~highprice-d011222a.6-8-AEO2022~lowprice-d011222a.6-8-AEO2022&sourcekey=0"
"Wed Mar 09 2022 05:27:39 GMT-0500 (Eastern Standard Time)"
"Source: U.S. Energy Information Administration"
"",full name,api key,"units","2021","2022","2023","2024","2025","2026","2027","2028","2029","2030","2031","2032","2033","2034","2035","2036","2037","2038","2039","2040","2041","2042","2043","2044","2045","2046","2047","2048","2049","2050","Growth (2021-2050)"
Net Generation by Fuel Type,,8-AEO2022.2.,,,,,,,,,,,,,,,,,,,,,,,,,,,,,,,,
Electric Power Sector,,8-AEO2022.4.,,,,,,,,,,,,,,,,,,,,,,,,,,,,,,,,
Power Only,,8-AEO2022.5.,,,,,,,,,,,,,,,,,,,,,,,,,,,,,,,,
Coal,"Electricity: Electric Power Sector: Power Only: Coal",8-AEO2022.6.,"BkWh",,,,,,,,,,,,,,,,,,,,,,,,,,,,,,,
AEO2022 Reference case,"Electricity: Electric Power Sector: Power Only: Coal": AEO2022 Reference case,8-AEO2022.6.ref2022-d011222a,"BkWh",937.806702,893.933411,873.139099,743.903076,723.127441,715.054688,710.031982,702.171448,680.508667,669.652222,660.967285,647.204895,653.868958,616.454041,598.41803,575.855103,565.281067,563.113281,560.64093,550.026611,544.983704,539.49762,531.754761,523.568787,517.141541,514.63446,510.989868,509.226288,509.000397,509.804596,"-2.1%"
High oil price,"Electricity: Electric Power Sector: Power Only: Coal": High oil price,8-AEO2022.6.highprice-d011222a,"BkWh",937.806519,901.135925,796.916199,685.152954,628.138184,613.591675,580.838989,595.550232,584.30481,579.598389,583.419922,574.063843,570.047607,517.82312,503.791138,486.752014,473.464966,476.55603,477.406769,468.628326,473.314392,460.757324,462.030762,452.393005,448.543823,443.265076,431.439575,426.981567,431.099152,433.580139,"-2.6%"
Low oil price,"Electricity: Electric Power Sector: Power Only: Coal": Low oil price,8-AEO2022.6.lowprice-d011222a,"BkWh",937.80658,902.792847,893.417969,835.919556,762.119141,758.656982,756.298706,746.144409,728.231873,723.21228,719.446655,709.878052,699.609985,661.224731,650.46051,637.13147,629.493652,616.839661,616.069214,604.422302,602.098145,596.074097,595.458069,583.693481,564.110779,560.540405,557.231201,553.46875,551.103394,551.33844,"-1.8%"
Petroleum,"Electricity: Electric Power Sector: Power Only: Petroleum",8-AEO2022.7.,"BkWh",,,,,,,,,,,,,,,,,,,,,,,,,,,,,,,
AEO2022 Reference case,"Electricity: Electric Power Sector: Power Only: Petroleum": AEO2022 Reference case,8-AEO2022.7.ref2022-d011222a,"BkWh",10.333629,9.958781,9.986929,9.37501,9.175151,8.803352,8.343532,8.075644,7.869754,7.671758,7.391038,7.268183,7.20937,7.023747,6.904715,6.730758,6.547136,6.365741,6.274036,6.141492,5.833709,5.536335,5.220829,4.88649,4.569177,4.598226,4.595332,4.615175,4.594167,4.628994,"-2.7%"
High oil price,"Electricity: Electric Power Sector: Power Only: Petroleum": High oil price,8-AEO2022.7.highprice-d011222a,"BkWh",10.312081,9.934362,9.604635,9.110976,8.81447,8.419087,7.866568,7.679172,7.533935,7.388779,7.164147,7.061334,7.013647,6.786598,6.70417,6.54425,6.364945,6.205112,6.120521,5.99002,5.722336,5.395035,5.110312,4.771618,4.436203,4.422087,4.390807,4.403422,4.43238,4.466642,"-2.8%"
Low oil price,"Electricity: Electric Power Sector: Power Only: Petroleum": Low oil price,8-AEO2022.7.lowprice-d011222a,"BkWh",10.331177,13.051048,14.54095,12.82443,11.419848,11.808678,12.697808,11.72874,11.548509,10.478941,10.225908,9.06987,9.030962,8.799125,7.840752,7.668958,7.490671,7.265489,7.179025,7.053176,6.764455,6.486859,6.276434,5.952276,5.573728,5.571513,5.241536,5.508397,5.234953,5.219958,"-2.3%"
Natural Gas,"Electricity: Electric Power Sector: Power Only: Natural Gas",8-AEO2022.8.,"BkWh",,,,,,,,,,,,,,,,,,,,,,,,,,,,,,,
AEO2022 Reference case,"Electricity: Electric Power Sector: Power Only: Natural Gas": AEO2022 Reference case,8-AEO2022.8.ref2022-d011222a,"BkWh",1324.996948,1297.366455,1328.066895,1344.043091,1314.517212,1309.365601,1319.600708,1339.437622,1320.225952,1297.223999,1296.754517,1304.101929,1314.086182,1313.998413,1302.515991,1308.872559,1327.77417,1345.644043,1357.744019,1377.130127,1402.813477,1423.684448,1438.490479,1468.915771,1490.827271,1506.304932,1522.070435,1540.794312,1553.562866,1571.280151,"0.6%"
High oil price,"Electricity: Electric Power Sector: Power Only: Natural Gas": High oil price,8-AEO2022.8.highprice-d011222a,"BkWh",1324.619019,1283.647217,1405.505737,1425.698608,1456.061401,1469.032227,1476.974487,1473.763672,1480.828003,1466.427979,1461.973022,1465.759644,1481.518311,1457.514404,1374.07666,1345.348999,1369.682983,1373.219238,1375.786621,1386.375244,1389.736206,1425.094482,1457.598267,1494.489136,1516.428833,1545.77124,1587.228027,1608.929077,1632.059326,1638.246582,"0.7%"
Low oil price,"Electricity: Electric Power Sector: Power Only: Natural Gas": Low oil price,8-AEO2022.8.lowprice-d011222a,"BkWh",1324.388794,1283.101318,1296.953735,1223.958984,1235.281616,1227.49353,1226.706055,1250.343262,1230.273315,1193.829712,1190.273071,1187.636597,1236.371338,1241.554932,1212.992554,1188.964355,1195.473877,1235.534302,1260.855957,1286.179443,1311.167847,1343.120117,1368.931641,1386.384399,1407.036987,1409.021973,1441.62915,1471.033081,1485.651123,1520.868408,"0.5%"
Nuclear Power,"Electricity: Electric Power Sector: Power Only: Nuclear",8-AEO2022.9.,"BkWh",,,,,,,,,,,,,,,,,,,,,,,,,,,,,,,
AEO2022 Reference case,"Electricity: Electric Power Sector: Power Only: Nuclear": AEO2022 Reference case,8-AEO2022.9.ref2022-d011222a,"BkWh",777.68219,783.615601,785.479919,788.973083,781.77594,773.335144,759.403198,721.808838,715.159424,707.001709,708.094971,708.853394,668.132751,668.827271,670.2323,671.276855,665.094849,665.30542,664.896606,665.355957,666.541321,667.808411,668.674927,669.437256,670.255371,670.682373,671.10791,661.607788,661.928955,662.392517,"-0.6%"
High oil price,"Electricity: Electric Power Sector: Power Only: Nuclear": High oil price,8-AEO2022.9.highprice-d011222a,"BkWh",777.68219,783.615601,785.479858,788.973022,781.77594,773.335205,759.403198,713.870911,700.828796,701.547241,702.640503,693.633545,644.036621,644.731201,646.13623,647.180786,647.391479,647.602051,647.602539,647.947388,649.199036,650.105103,650.978577,651.733887,644.783081,645.210083,645.635742,645.901001,638.515869,638.979492,"-0.7%"
Low oil price,"Electricity: Electric Power Sector: Power Only: Nuclear": Low oil price,8-AEO2022.9.lowprice-d011222a,"BkWh",777.68219,783.615601,785.479919,788.973083,781.776001,773.335144,759.403198,721.808838,722.233093,722.951538,724.0448,724.803223,684.082581,684.777161,686.182129,687.226685,687.437378,687.648071,687.389282,687.993408,689.244995,690.151001,691.024536,691.779907,692.5979,693.025024,686.376953,680.249512,680.570557,671.268738,"-0.5%"
Pumped Storage/Other,"Electricity: Electric Power Sector: Power Only: Pumped Storage/Other",8-AEO2022.10.,"BkWh",,,,,,,,,,,,,,,,,,,,,,,,,,,,,,,
AEO2022 Reference case,"Electricity: Electric Power Sector: Power Only: Pumped Storage/Other": AEO2022 Reference case,8-AEO2022.10.ref2022-d011222a,"BkWh",1.104961,0.847785,0.338984,0.144798,0.068422,-0.206197,-0.403225,-0.744438,-0.90976,-1.227266,-1.366919,-1.72519,-1.8391,-1.864551,-1.87708,-2.102645,-1.942832,-1.964082,-2.065677,-2.145257,-2.323217,-2.49247,-2.879185,-3.170089,-3.317111,-3.531755,-4.067351,-4.12278,-4.7219,-5.01459,"- -"
High oil price,"Electricity: Electric Power Sector: Power Only: Pumped Storage/Other": High oil price,8-AEO2022.10.highprice-d011222a,"BkWh",1.106162,0.847584,0.371635,0.101251,-0.02345,-0.220078,-0.218567,-0.340975,-0.820461,-1.088016,-1.38442,-1.88546,-2.084848,-2.25793,-2.813067,-3.403845,-3.725087,-3.924163,-4.190781,-4.53114,-4.83681,-5.261544,-5.662858,-6.170531,-6.989385,-7.571357,-8.264433,-8.938869,-9.913682,-11.07767,"- -"
Low oil price,"Electricity: Electric Power Sector: Power Only: Pumped Storage/Other": Low oil price,8-AEO2022.10.lowprice-d011222a,"BkWh",1.105182,0.844428,0.392709,0.136703,0.097537,-0.265101,-0.756185,-0.76228,-1.053228,-1.080566,-1.279249,-1.642305,-1.790059,-1.951513,-1.753592,-2.068929,-2.176401,-2.245514,-2.368022,-2.556697,-2.687337,-2.761863,-3.045818,-3.209052,-3.496171,-3.743011,-4.053705,-4.386328,-4.603006,-4.754609,"- -"
Renewable Sources,"Electricity: Electric Power Sector: Power Only: Renewable Sources",8-AEO2022.11.,"BkWh",,,,,,,,,,,,,,,,,,,,,,,,,,,,,,,
AEO2022 Reference case,"Electricity: Electric Power Sector: Power Only: Renewable Sources": AEO2022 Reference case,8-AEO2022.11.ref2022-d011222a,"BkWh",783.730164,871.765808,951.042297,1083.577881,1175.593994,1218.144531,1243.250854,1285.007324,1353.324707,1411.530518,1442.937134,1471.24292,1517.837769,1578.041992,1637.108032,1685.765259,1720.348267,1742.678833,1768.337891,1791.152954,1808.178833,1831.449219,1863.888916,1881.434814,1907.129028,1933.584961,1962.463013,1992.595581,2023.531494,2055.903076,"3.4%"
High oil price,"Electricity: Electric Power Sector: Power Only: Renewable Sources": High oil price,8-AEO2022.11.highprice-d011222a,"BkWh",783.761597,871.943481,950.676575,1100.813721,1184.659424,1227.737549,1293.781372,1357.072876,1413.643311,1466.151855,1499.341797,1548.528442,1618.555908,1729.19458,1868.802368,1958.553589,1996.276611,2033.885132,2072.022217,2107.364014,2144.280518,2171.019287,2190.616943,2211.424805,2249.115479,2272.278809,2290.979736,2313.69165,2334.865479,2368.203857,"3.9%"
Low oil price,"Electricity: Electric Power Sector: Power Only: Renewable Sources": Low oil price,8-AEO2022.11.lowprice-d011222a,"BkWh",783.755432,871.408997,951.269897,1086.664917,1175.966675,1217.868164,1250.744507,1291.920654,1346.760864,1402.596436,1432.850952,1466.184204,1491.994751,1545.463623,1612.339478,1677.650146,1713.944092,1723.244385,1732.030518,1748.467407,1761.486694,1772.39502,1784.189575,1814.373535,1850.188721,1885.110107,1903.619019,1923.491699,1949.891113,1968.493164,"3.2%"
Distributed Generation (Natural Gas),"Electricity: Electric Power Sector: Power Only: Distributed Generation",8-AEO2022.12.,"BkWh",,,,,,,,,,,,,,,,,,,,,,,,,,,,,,,
AEO2022 Reference case,"Electricity: Electric Power Sector: Power Only: Distributed Generation": AEO2022 Reference case,8-AEO2022.12.ref2022-d011222a,"BkWh",0,0,0.481728,0.571688,0.685238,0.871124,1.060849,1.265841,1.490945,1.7298,2.00003,2.279585,2.571965,2.911283,3.350619,3.827279,4.328346,4.862361,5.386112,5.918992,6.479733,7.064539,7.644123,8.269932,8.899132,9.476943,10.064471,10.625388,11.200046,11.846319,"- -"
High oil price,"Electricity: Electric Power Sector: Power Only: Distributed Generation": High oil price,8-AEO2022.12.highprice-d011222a,"BkWh",0,0,0.366072,0.444195,0.513354,0.600805,0.722654,0.858895,1.080327,1.294266,1.523072,1.789998,2.0555,2.358216,2.712906,3.15787,3.650559,4.159562,4.66317,5.161243,5.68646,6.247641,6.847609,7.436275,8.030521,8.651463,9.29306,9.926252,10.531901,11.155158,"- -"
Low oil price,"Electricity: Electric Power Sector: Power Only: Distributed Generation": Low oil price,8-AEO2022.12.lowprice-d011222a,"BkWh",0,0,0.482578,0.580482,0.677184,0.859543,1.057069,1.268065,1.517381,1.749628,2.039004,2.349377,2.672112,3.004617,3.388998,3.835932,4.326911,4.872036,5.426722,5.978031,6.548745,7.131685,7.7307,8.346521,8.972408,9.60293,10.262686,10.918212,11.540012,12.210759,"- -"
Total,"Electricity: Electric Power Sector: Power Only: Total",8-AEO2022.13.,"BkWh",,,,,,,,,,,,,,,,,,,,,,,,,,,,,,,
AEO2022 Reference case,"Electricity: Electric Power Sector: Power Only: Total": AEO2022 Reference case,8-AEO2022.13.ref2022-d011222a,"BkWh",3835.654541,3857.488281,3948.535645,3970.588867,4004.943359,4025.368164,4041.287842,4057.022217,4077.669678,4093.582764,4116.777832,4139.226074,4161.867676,4185.39209,4216.652344,4250.225098,4287.430664,4326.005371,4361.214355,4393.581055,4432.507324,4472.547852,4512.794922,4553.343262,4595.504395,4635.750488,4677.223633,4715.341797,4759.096191,4810.841309,"0.8%"
High oil price,"Electricity: Electric Power Sector: Power Only: Total": High oil price,8-AEO2022.13.highprice-d011222a,"BkWh",3835.287598,3851.124023,3948.92041,4010.294678,4059.939453,4092.496582,4119.369141,4148.45459,4187.398926,4221.320801,4254.678223,4288.951172,4321.142578,4356.150391,4399.410645,4444.133789,4493.106445,4537.703125,4579.411133,4616.93457,4663.102051,4713.357422,4767.519531,4816.078125,4864.348633,4912.027344,4960.702148,5000.894043,5041.590332,5083.554688,"1.0%"
Low oil price,"Electricity: Electric Power Sector: Power Only: Total": Low oil price,8-AEO2022.13.lowprice-d011222a,"BkWh",3835.069336,3854.814453,3942.537842,3949.058105,3967.338379,3989.75708,4006.151367,4022.451904,4039.511963,4053.738037,4077.601074,4098.279297,4121.971191,4142.872559,4171.451172,4200.408691,4235.990234,4273.158203,4306.583008,4337.537109,4374.623535,4412.59668,4450.564941,4487.321289,4524.983887,4559.129395,4600.306641,4640.283203,4679.388184,4724.64502,"0.7%"
Combined Heat and Power,,8-AEO2022.14.,,,,,,,,,,,,,,,,,,,,,,,,,,,,,,,,
Coal,"Electricity: Electric Power Sector: Combined Heat and Power: Coal",8-AEO2022.15.,"BkWh",,,,,,,,,,,,,,,,,,,,,,,,,,,,,,,
AEO2022 Reference case,"Electricity: Electric Power Sector: Combined Heat and Power: Coal": AEO2022 Reference case,8-AEO2022.15.ref2022-d011222a,"BkWh",9.887873,9.73724,9.73812,9.067746,8.716884,8.716901,8.637966,8.71492,8.713855,8.713389,8.715158,8.714796,8.714334,8.713826,8.713326,8.712821,8.712448,8.71216,8.711858,8.711519,8.71128,8.71102,8.710719,8.710367,8.709921,8.70941,8.637966,8.708177,8.637966,8.637967,"-0.5%"
High oil price,"Electricity: Electric Power Sector: Combined Heat and Power: Coal": High oil price,8-AEO2022.15.highprice-d011222a,"BkWh",9.887873,9.737239,9.710419,9.065204,8.72011,8.637966,8.637967,8.637966,8.637967,8.637967,8.637966,8.721577,8.721539,8.721519,8.721555,8.637967,8.637967,8.637967,8.721473,8.721379,8.721486,8.637967,8.637967,8.637967,8.637966,8.637967,8.637967,8.637966,8.637966,8.637966,"-0.5%"
Low oil price,"Electricity: Electric Power Sector: Combined Heat and Power: Coal": Low oil price,8-AEO2022.15.lowprice-d011222a,"BkWh",9.887873,9.73724,9.73812,9.174434,8.82796,8.715306,8.714832,8.71434,8.713817,8.713232,8.71277,8.712434,8.71201,8.711654,8.711295,8.710913,8.710598,8.710252,8.709787,8.709264,8.708879,8.708445,8.707904,8.707264,8.706598,8.705924,8.705277,8.704573,8.70385,8.703191,"-0.4%"
Petroleum,"Electricity: Electric Power Sector: Combined Heat and Power: Petroleum",8-AEO2022.16.,"BkWh",,,,,,,,,,,,,,,,,,,,,,,,,,,,,,,
AEO2022 Reference case,"Electricity: Electric Power Sector: Combined Heat and Power: Petroleum": AEO2022 Reference case,8-AEO2022.16.ref2022-d011222a,"BkWh",0.545744,0.545744,0.544631,0.541911,0.540502,0.540502,0.540185,0.540499,0.540498,0.540496,0.540495,0.540494,0.540492,0.54049,0.540488,0.540486,0.540484,0.540483,0.540482,0.54048,0.54048,0.540478,0.540477,0.540476,0.540474,0.540472,0.540185,0.540467,0.540154,0.540154,"-0.0%"
High oil price,"Electricity: Electric Power Sector: Combined Heat and Power: Petroleum": High oil price,8-AEO2022.16.highprice-d011222a,"BkWh",0.545744,0.545744,0.545396,0.541901,0.540515,0.540185,0.540185,0.540185,0.540185,0.540185,0.540185,0.540521,0.540521,0.540521,0.540521,0.540185,0.540185,0.540127,0.540463,0.540462,0.540463,0.540127,0.540127,0.540127,0.540127,0.540127,0.540127,0.540127,0.540088,0.540088,"-0.0%"
Low oil price,"Electricity: Electric Power Sector: Combined Heat and Power: Petroleum": Low oil price,8-AEO2022.16.lowprice-d011222a,"BkWh",0.545744,0.545744,0.545744,0.54242,0.540976,0.540523,0.540521,0.540492,0.54049,0.540487,0.540486,0.540484,0.540482,0.540481,0.54048,0.540478,0.540477,0.540475,0.540502,0.5405,0.540498,0.540497,0.540495,0.540492,0.54049,0.540487,0.540485,0.540482,0.540479,0.540476,"-0.0%"
Natural Gas,"Electricity: Electric Power Sector: Combined Heat and Power: Natural Gas",8-AEO2022.17.,"BkWh",,,,,,,,,,,,,,,,,,,,,,,,,,,,,,,
AEO2022 Reference case,"Electricity: Electric Power Sector: Combined Heat and Power: Natural Gas": AEO2022 Reference case,8-AEO2022.17.ref2022-d011222a,"BkWh",125.154274,125.674126,124.641052,124.986351,120.063698,119.930351,118.520386,118.06356,116.987686,116.830894,116.825264,116.824852,116.825783,116.825569,116.826691,116.825302,116.825272,116.823799,116.824188,116.821815,116.825249,116.822754,116.823509,116.825722,116.827866,116.826416,116.827469,116.828178,116.827545,116.827522,"-0.2%"
High oil price,"Electricity: Electric Power Sector: Combined Heat and Power: Natural Gas": High oil price,8-AEO2022.17.highprice-d011222a,"BkWh",125.550972,123.989563,127.324013,125.655602,123.065636,120.171989,120.068443,117.579826,116.836029,116.830406,116.824646,116.825287,116.82515,116.825165,116.827126,116.826378,116.825386,116.827866,116.827911,116.825005,116.825012,116.824608,116.824272,116.823952,116.824783,116.824097,116.824966,116.823204,116.824356,116.826241,"-0.2%"
Low oil price,"Electricity: Electric Power Sector: Combined Heat and Power: Natural Gas": Low oil price,8-AEO2022.17.lowprice-d011222a,"BkWh",126.05986,124.487999,125.225227,121.922165,119.863243,117.886635,117.981621,118.24855,117.347725,116.909912,116.903481,116.82534,116.828491,116.828247,116.826477,116.825104,116.826416,116.825165,116.82399,116.824615,116.824951,116.828346,116.824532,116.824417,116.823898,116.826332,116.826134,116.826302,116.826286,116.826607,"-0.3%"
Renewable Sources,"Electricity: Electric Power Sector: Combined Heat and Power: Renewable Sources",8-AEO2022.18.,"BkWh",,,,,,,,,,,,,,,,,,,,,,,,,,,,,,,
AEO2022 Reference case,"Electricity: Electric Power Sector: Combined Heat and Power: Renewable Sources": AEO2022 Reference case,8-AEO2022.18.ref2022-d011222a,"BkWh",4.402323,4.298132,4.334369,4.35534,4.358301,4.361285,4.36435,4.363224,4.367609,4.374192,4.373752,4.379936,4.382615,4.384694,4.387777,4.389634,4.390998,4.395348,4.397041,4.397028,4.398692,4.399847,4.411788,4.413185,4.413291,4.414561,4.416919,4.416326,4.494243,4.495208,"0.1%"
High oil price,"Electricity: Electric Power Sector: Combined Heat and Power: Renewable Sources": High oil price,8-AEO2022.18.highprice-d011222a,"BkWh",4.404777,4.294235,4.339352,4.354805,4.358795,4.358791,4.361798,4.363626,4.359391,4.367537,4.372791,4.377833,4.380368,4.377337,4.381009,4.381696,4.382479,4.380742,4.385942,4.38152,4.385823,4.383574,4.387662,4.39023,4.391372,4.396484,4.397534,4.397548,4.399621,4.399198,"-0.0%"
Low oil price,"Electricity: Electric Power Sector: Combined Heat and Power: Renewable Sources": Low oil price,8-AEO2022.18.lowprice-d011222a,"BkWh",4.402178,4.294712,4.335156,4.359888,4.366602,4.367723,4.363848,4.367654,4.367307,4.37041,4.377625,4.376285,4.382826,4.385658,4.388893,4.390337,4.392424,4.394436,4.395724,4.397309,4.398661,4.409269,4.410954,4.412661,4.414363,4.41531,4.459892,4.4597,4.532966,4.495773,"0.1%"
Other,"Electricity: Electric Power Sector: Combined Heat and Power: Other",8-AEO2022.19.,"BkWh",,,,,,,,,,,,,,,,,,,,,,,,,,,,,,,
AEO2022 Reference case,"Electricity: Electric Power Sector: Combined Heat and Power: Other": AEO2022 Reference case,8-AEO2022.19.ref2022-d011222a,"BkWh",0.279907,0.277253,0.272688,0.267629,0.264149,0.260586,0.258487,0.258252,0.255276,0.254387,0.251533,0.248666,0.245742,0.244005,0.241225,0.238722,0.236388,0.232038,0.230742,0.229518,0.227784,0.225781,0.226524,0.225692,0.22455,0.223412,0.221469,0.221082,0.236089,0.234558,"-0.6%"
High oil price,"Electricity: Electric Power Sector: Combined Heat and Power: Other": High oil price,8-AEO2022.19.highprice-d011222a,"BkWh",0.278321,0.279312,0.27282,0.270139,0.264171,0.260249,0.257962,0.257883,0.253799,0.253007,0.250175,0.246384,0.244435,0.240805,0.239756,0.23718,0.235016,0.232222,0.23103,0.228885,0.227732,0.225936,0.224299,0.221248,0.220316,0.21889,0.21742,0.216556,0.2154,0.214212,"-0.9%"
Low oil price,"Electricity: Electric Power Sector: Combined Heat and Power: Other": Low oil price,8-AEO2022.19.lowprice-d011222a,"BkWh",0.278321,0.27888,0.272232,0.266675,0.263662,0.260263,0.257374,0.258501,0.25438,0.253256,0.25164,0.248096,0.245482,0.243759,0.240437,0.237888,0.235525,0.233048,0.231215,0.22884,0.227572,0.228989,0.227316,0.225632,0.22409,0.223341,0.236678,0.235913,0.238437,0.23475,"-0.6%"
Total,"Electricity: Electric Power Sector: Combined Heat and Power: Total",8-AEO2022.20.,"BkWh",,,,,,,,,,,,,,,,,,,,,,,,,,,,,,,
AEO2022 Reference case,"Electricity: Electric Power Sector: Combined Heat and Power: Total": AEO2022 Reference case,8-AEO2022.20.ref2022-d011222a,"BkWh",140.270126,140.532486,139.530853,139.218979,133.943527,133.809631,132.321381,131.94046,130.864929,130.713364,130.706207,130.70874,130.708969,130.708588,130.709503,130.70697,130.705582,130.703842,130.704315,130.700363,130.703491,130.699875,130.713013,130.715454,130.716095,130.714264,130.644012,130.714233,130.736008,130.735413,"-0.2%"
High oil price,"Electricity: Electric Power Sector: Combined Heat and Power: Total": High oil price,8-AEO2022.20.highprice-d011222a,"BkWh",140.667679,138.8461,142.192017,139.887665,136.949234,133.969193,133.866364,131.379486,130.62738,130.629105,130.625763,130.711609,130.712021,130.705353,130.709961,130.623413,130.621033,130.618927,130.706818,130.69725,130.700516,130.612213,130.614319,130.613525,130.614563,130.617554,130.618011,130.615402,130.617432,130.617706,"-0.3%"
Low oil price,"Electricity: Electric Power Sector: Combined Heat and Power: Total": Low oil price,8-AEO2022.20.lowprice-d011222a,"BkWh",141.173965,139.344574,140.116486,136.265594,133.862442,131.770447,131.8582,132.129532,131.223724,130.787308,130.786011,130.702637,130.70929,130.709793,130.707581,130.704727,130.705444,130.703369,130.701218,130.700531,130.700562,130.715546,130.711197,130.710464,130.709442,130.711395,130.768463,130.766968,130.84201,130.800797,"-0.3%"
Total Net Electric Power Sector Generation,"Electricity: Electric Power Sector: Total Net Generation",8-AEO2022.21.,"BkWh",,,,,,,,,,,,,,,,,,,,,,,,,,,,,,,
AEO2022 Reference case,"Electricity: Electric Power Sector: Total Net Generation": AEO2022 Reference case,8-AEO2022.21.ref2022-d011222a,"BkWh",3975.924561,3998.020752,4088.066406,4109.807617,4138.886719,4159.177734,4173.609375,4188.962891,4208.534668,4224.295898,4247.483887,4269.93457,4292.57666,4316.100586,4347.361816,4380.932129,4418.13623,4456.708984,4491.918457,4524.28125,4563.210938,4603.247559,4643.507812,4684.058594,4726.220703,4766.464844,4807.867676,4846.056152,4889.832031,4941.57666,"0.8%"
High oil price,"Electricity: Electric Power Sector: Total Net Generation": High oil price,8-AEO2022.21.highprice-d011222a,"BkWh",3975.955322,3989.970215,4091.112305,4150.182129,4196.888672,4226.46582,4253.235352,4279.833984,4318.026367,4351.949707,4385.304199,4419.662598,4451.854492,4486.855957,4530.120605,4574.757324,4623.727539,4668.322266,4710.118164,4747.631836,4793.802734,4843.969727,4898.133789,4946.691406,4994.963379,5042.64502,5091.320312,5131.509277,5172.208008,5214.172363,"0.9%"
Low oil price,"Electricity: Electric Power Sector: Total Net Generation": Low oil price,8-AEO2022.21.lowprice-d011222a,"BkWh",3976.243408,3994.158936,4082.654297,4085.32373,4101.200684,4121.527344,4138.009766,4154.581543,4170.73584,4184.525391,4208.387207,4228.981934,4252.680664,4273.58252,4302.158691,4331.113281,4366.695801,4403.861328,4437.28418,4468.237793,4505.324219,4543.312012,4581.276367,4618.031738,4655.693359,4689.84082,4731.075195,4771.050293,4810.22998,4855.445801,"0.7%"
Less Direct Use,"Electricity: Electric Power Sector: Less Direct Use",8-AEO2022.22.,"BkWh",,,,,,,,,,,,,,,,,,,,,,,,,,,,,,,
AEO2022 Reference case,"Electricity: Electric Power Sector: Less Direct Use": AEO2022 Reference case,8-AEO2022.22.ref2022-d011222a,"BkWh",14.985505,14.902565,14.440798,14.208335,14.155604,14.152721,14.152721,14.152721,14.152695,14.152149,14.152128,14.151783,14.151783,14.151783,14.151783,14.151783,14.151783,14.151783,14.151783,14.151783,14.151783,14.151783,14.151783,14.151783,14.061811,14.061811,14.061811,14.061811,14.061811,14.061811,"-0.2%"
High oil price,"Electricity: Electric Power Sector: Less Direct Use": High oil price,8-AEO2022.22.highprice-d011222a,"BkWh",14.985505,14.902565,14.440252,14.207789,14.155059,14.152176,14.152176,14.152149,14.152149,14.152149,14.152128,14.151783,14.151783,14.151783,14.151783,14.151783,14.150951,14.150951,14.150951,14.150951,14.150951,14.150951,14.150951,14.150951,14.060979,14.060979,14.060979,14.060979,14.060979,14.060979,"-0.2%"
Low oil price,"Electricity: Electric Power Sector: Less Direct Use": Low oil price,8-AEO2022.22.lowprice-d011222a,"BkWh",14.985505,14.902565,14.440798,14.208335,14.155604,14.155604,14.1525,14.1525,14.1525,14.1525,14.152473,14.151583,14.151563,14.151563,14.151563,14.151563,14.151563,14.151563,14.151563,14.151563,14.151563,14.151563,14.15073,14.15073,14.060759,14.060759,14.060759,14.060759,14.060759,14.060759,"-0.2%"
Net Available to the Grid,"Electricity: Electric Power Sector: Net Available to the Grid",8-AEO2022.24.,"BkWh",,,,,,,,,,,,,,,,,,,,,,,,,,,,,,,
AEO2022 Reference case,"Electricity: Electric Power Sector: Net Available to the Grid": AEO2022 Reference case,8-AEO2022.24.ref2022-d011222a,"BkWh",3960.938965,3983.118164,4073.625488,4095.599365,4124.730957,4145.024902,4159.456543,4174.810059,4194.381836,4210.143555,4233.331543,4255.782715,4278.424805,4301.94873,4333.209961,4366.780273,4403.984375,4442.557129,4477.766602,4510.129395,4549.059082,4589.095703,4629.355957,4669.906738,4712.158691,4752.402832,4793.805664,4831.994141,4875.77002,4927.514648,"0.8%"
High oil price,"Electricity: Electric Power Sector: Net Available to the Grid": High oil price,8-AEO2022.24.highprice-d011222a,"BkWh",3960.969727,3975.067627,4076.672119,4135.974121,4182.733398,4212.313477,4239.083008,4265.681641,4303.874023,4337.797363,4371.151855,4405.510742,4437.702637,4472.704102,4515.96875,4560.605469,4609.57666,4654.171387,4695.967285,4733.480957,4779.651855,4829.818848,4883.98291,4932.540527,4980.902344,5028.583984,5077.259277,5117.448242,5158.146973,5200.111328,"0.9%"
Low oil price,"Electricity: Electric Power Sector: Net Available to the Grid": Low oil price,8-AEO2022.24.lowprice-d011222a,"BkWh",3961.257812,3979.256348,4068.213379,4071.115479,4087.045166,4107.371582,4123.857422,4140.429199,4156.583496,4170.373047,4194.234863,4214.830566,4238.529297,4259.431152,4288.007324,4316.961914,4352.544434,4389.709961,4423.132812,4454.086426,4491.172852,4529.160645,4567.125488,4603.880859,4641.632812,4675.780273,4717.014648,4756.989746,4796.169434,4841.385254,"0.7%"
End-Use Sector,,8-AEO2022.26.,,,,,,,,,,,,,,,,,,,,,,,,,,,,,,,,
Coal,"Electricity: End-Use Generation: Coal",8-AEO2022.27.,"BkWh",,,,,,,,,,,,,,,,,,,,,,,,,,,,,,,
AEO2022 Reference case,"Electricity: End-Use Generation: Coal": AEO2022 Reference case,8-AEO2022.27.ref2022-d011222a,"BkWh",6.370672,6.369532,6.348408,6.312444,6.242187,6.206937,6.160727,6.118334,6.076324,6.03045,5.98781,5.944596,5.89993,5.856253,5.813426,5.772135,5.733066,5.69459,5.655768,5.615047,5.579462,5.545303,5.509808,5.471493,5.433782,5.398615,5.362042,5.324141,5.288739,5.256317,"-0.7%"
High oil price,"Electricity: End-Use Generation: Coal": High oil price,8-AEO2022.27.highprice-d011222a,"BkWh",6.370639,6.3577,6.35612,6.365466,6.300572,6.264807,6.226735,6.188165,6.151922,6.112853,6.070409,6.027518,5.981671,5.939718,5.899173,5.859785,5.822785,5.783258,5.745219,5.707105,5.673822,5.645186,5.61375,5.579085,5.541915,5.508143,5.473394,5.434282,5.394681,5.357607,"-0.6%"
Low oil price,"Electricity: End-Use Generation: Coal": Low oil price,8-AEO2022.27.lowprice-d011222a,"BkWh",6.370598,6.38308,6.349169,6.278281,6.201209,6.163896,6.118618,6.073419,6.02667,5.982158,5.940699,5.899591,5.857707,5.815434,5.771753,5.729684,5.689616,5.651419,5.608595,5.565591,5.526766,5.488601,5.453172,5.412472,5.374382,5.337618,5.301998,5.266468,5.231457,5.197016,"-0.7%"
Petroleum,"Electricity: End-Use Generation: Petroleum",8-AEO2022.28.,"BkWh",,,,,,,,,,,,,,,,,,,,,,,,,,,,,,,
AEO2022 Reference case,"Electricity: End-Use Generation: Petroleum": AEO2022 Reference case,8-AEO2022.28.ref2022-d011222a,"BkWh",0.881952,0.916623,0.527176,0.527388,0.524807,0.525424,0.524863,0.524553,0.524264,0.523577,0.523175,0.522756,0.522134,0.521607,0.521114,0.520757,0.520622,0.520533,0.520335,0.519876,0.520076,0.520489,0.520714,0.520512,0.520374,0.520633,0.520663,0.520447,0.520695,0.521565,"-1.8%"
High oil price,"Electricity: End-Use Generation: Petroleum": High oil price,8-AEO2022.28.highprice-d011222a,"BkWh",0.881949,0.915525,0.528,0.532667,0.530671,0.531166,0.531467,0.531645,0.532013,0.532161,0.531884,0.531572,0.530912,0.530737,0.530693,0.530799,0.531173,0.531216,0.531438,0.53168,0.532623,0.534316,0.535709,0.536664,0.537284,0.538553,0.539736,0.540255,0.540751,0.541823,"-1.7%"
Low oil price,"Electricity: End-Use Generation: Petroleum": Low oil price,8-AEO2022.28.lowprice-d011222a,"BkWh",0.881944,0.91784,0.52732,0.524332,0.521003,0.521502,0.520913,0.520258,0.519442,0.51879,0.518405,0.518068,0.517624,0.517112,0.516394,0.51581,0.51542,0.515202,0.514363,0.513426,0.51298,0.512577,0.512505,0.511616,0.511035,0.510626,0.510356,0.510074,0.509849,0.509704,"-1.9%"
Natural Gas,"Electricity: End-Use Generation: Natural Gas",8-AEO2022.29.,"BkWh",,,,,,,,,,,,,,,,,,,,,,,,,,,,,,,
AEO2022 Reference case,"Electricity: End-Use Generation: Natural Gas": AEO2022 Reference case,8-AEO2022.29.ref2022-d011222a,"BkWh",113.983696,116.516464,116.929771,117.820839,119.104652,120.790947,121.969376,123.252838,124.502731,125.850159,126.122917,127.570885,128.754135,130.195984,131.584839,132.968979,134.528107,135.897934,137.318756,138.735825,140.246765,141.847382,143.245682,145.073257,146.669998,148.369781,150.118851,152.050003,153.925339,155.970551,"1.1%"
High oil price,"Electricity: End-Use Generation: Natural Gas": High oil price,8-AEO2022.29.highprice-d011222a,"BkWh",114.000687,116.576286,117.66642,119.449905,120.655426,122.105019,123.555641,125.067116,126.580399,128.101456,129.509399,130.669083,132.128601,133.767792,135.148254,136.779343,138.560455,140.013092,141.738846,143.49057,145.226959,147.458435,149.571182,151.539032,153.475677,155.500153,157.381821,159.552917,161.788879,164.618362,"1.3%"
Low oil price,"Electricity: End-Use Generation: Natural Gas": Low oil price,8-AEO2022.29.lowprice-d011222a,"BkWh",113.968788,116.46595,116.283218,117.702995,118.695915,119.997818,121.096954,122.208466,123.32486,124.439674,124.137337,125.25148,126.359695,127.692207,128.757004,129.909241,131.097778,132.64296,133.827515,135.064606,136.659805,138.053802,139.382614,140.66716,142.285919,143.869431,145.406082,147.042862,148.745911,150.591125,"1.0%"
Other Gaseous Fuels,"Electricity: End-Use Generation: Other Gaseous Fuels",8-AEO2022.30.,"BkWh",,,,,,,,,,,,,,,,,,,,,,,,,,,,,,,
AEO2022 Reference case,"Electricity: End-Use Generation: Other Gaseous Fuels": AEO2022 Reference case,8-AEO2022.30.ref2022-d011222a,"BkWh",10.986158,11.181588,12.349487,12.377342,12.446343,12.537823,12.525735,12.534914,12.531148,12.55683,12.327392,12.390121,12.380475,12.43135,12.470119,12.498616,12.55683,12.55683,12.55683,12.55683,12.55683,12.55683,12.497614,12.55683,12.538852,12.527029,12.524294,12.55683,12.55683,12.55683,"0.5%"
High oil price,"Electricity: End-Use Generation: Other Gaseous Fuels": High oil price,8-AEO2022.30.highprice-d011222a,"BkWh",10.986158,11.181588,12.440619,12.55683,12.55683,12.55683,12.55683,12.55683,12.55683,12.55683,12.55683,12.4977,12.507828,12.545378,12.507316,12.51913,12.550982,12.498429,12.496936,12.494716,12.463638,12.514204,12.542863,12.532647,12.500576,12.462188,12.369824,12.347684,12.33744,12.442831,"0.4%"
Low oil price,"Electricity: End-Use Generation: Other Gaseous Fuels": Low oil price,8-AEO2022.30.lowprice-d011222a,"BkWh",10.986158,11.181588,12.23127,12.488405,12.525789,12.55415,12.551216,12.550199,12.55683,12.55683,12.214228,12.220872,12.219288,12.271797,12.264653,12.269088,12.269633,12.346841,12.332727,12.332491,12.397484,12.40954,12.379149,12.359042,12.397501,12.421329,12.4212,12.426552,12.443838,12.480748,"0.4%"
Renewable Sources,"Electricity: End-Use Generation: Renewable Sources",8-AEO2022.31.,"BkWh",,,,,,,,,,,,,,,,,,,,,,,,,,,,,,,
AEO2022 Reference case,"Electricity: End-Use Generation: Renewable Sources": AEO2022 Reference case,8-AEO2022.31.ref2022-d011222a,"BkWh",90.658897,98.615646,106.475235,113.309662,118.911346,124.99559,130.704437,136.003815,141.882935,146.980118,153.05722,158.596603,165.035614,171.565369,177.228729,184.336685,191.705231,199.05368,207.677597,216.500122,225.06282,234.583542,244.83963,254.052612,264.888794,277.04361,287.763397,300.05658,312.378723,324.220276,"4.5%"
High oil price,"Electricity: End-Use Generation: Renewable Sources": High oil price,8-AEO2022.31.highprice-d011222a,"BkWh",90.671669,98.430679,106.247559,113.387833,118.973206,124.582375,129.655579,135.283722,140.230652,145.150269,151.496368,156.516998,162.060791,167.77626,172.973389,178.907166,185.149033,191.498886,199.417038,207.517548,215.318436,225.197433,234.151459,243.097488,253.440338,264.412842,274.31485,285.798553,297.230774,309.375671,"4.3%"
Low oil price,"Electricity: End-Use Generation: Renewable Sources": Low oil price,8-AEO2022.31.lowprice-d011222a,"BkWh",90.667801,98.660576,106.434372,112.976509,118.81311,124.718025,130.265671,135.636398,141.267914,145.851624,151.818146,157.611664,163.958923,170.662109,176.561172,184.107864,192.039932,199.457596,207.999619,216.774948,226.133911,235.367249,245.477692,255.106049,266.431732,278.741974,289.446381,302.539581,315.129456,327.459229,"4.5%"
Other,"Electricity: End-Use Generation: Other",8-AEO2022.32.,"BkWh",,,,,,,,,,,,,,,,,,,,,,,,,,,,,,,
AEO2022 Reference case,"Electricity: End-Use Generation: Other": AEO2022 Reference case,8-AEO2022.32.ref2022-d011222a,"BkWh",3.760465,3.760465,4.049545,4.049545,4.049545,4.049545,4.049545,4.049545,4.049545,4.049545,4.049545,4.049545,4.049545,4.049545,4.049545,4.049545,4.049545,4.049545,4.049545,4.049545,4.049545,4.049545,4.049545,4.049545,4.049545,4.049545,4.049545,4.049545,4.049545,4.049545,"0.3%"
High oil price,"Electricity: End-Use Generation: Other": High oil price,8-AEO2022.32.highprice-d011222a,"BkWh",3.760465,3.760465,4.049545,4.049545,4.049545,4.049545,4.049545,4.049545,4.049545,4.049545,4.049545,4.049545,4.049545,4.049545,4.049545,4.049545,4.049545,4.049545,4.049545,4.049545,4.049545,4.049545,4.049545,4.049545,4.049545,4.049545,4.049545,4.049545,4.049545,4.049545,"0.3%"
Low oil price,"Electricity: End-Use Generation: Other": Low oil price,8-AEO2022.32.lowprice-d011222a,"BkWh",3.760465,3.760465,4.049545,4.049545,4.049545,4.049545,4.049545,4.049545,4.049545,4.049545,4.049545,4.049545,4.049545,4.049545,4.049545,4.049545,4.049545,4.049545,4.049545,4.049545,4.049545,4.049545,4.049545,4.049545,4.049545,4.049545,4.049545,4.049545,4.049545,4.049545,"0.3%"
Total End-Use Sector Net Generation,"Electricity: End-Use Generation: Total",8-AEO2022.33.,"BkWh",,,,,,,,,,,,,,,,,,,,,,,,,,,,,,,
AEO2022 Reference case,"Electricity: End-Use Generation: Total": AEO2022 Reference case,8-AEO2022.33.ref2022-d011222a,"BkWh",226.64183,237.360321,246.679626,254.397217,261.27887,269.106262,275.934692,282.484009,289.566956,295.990662,302.068054,309.074524,316.641846,324.620117,331.667786,340.146729,349.093384,357.773102,367.778809,377.977234,388.015503,399.103088,410.662994,421.724243,434.101349,447.90921,460.338806,474.557556,488.719849,502.575073,"2.8%"
High oil price,"Electricity: End-Use Generation: Total": High oil price,8-AEO2022.33.highprice-d011222a,"BkWh",226.671555,237.222244,247.288239,256.342224,263.066254,270.089722,276.575775,283.677032,290.101349,296.503113,304.214417,310.292419,317.259338,324.609436,331.108368,338.645782,346.663971,354.37442,363.979004,373.791168,383.265015,395.399109,406.464508,417.334473,429.545349,442.471405,454.12915,467.723267,481.342072,496.385834,"2.7%"
Low oil price,"Electricity: End-Use Generation: Total": Low oil price,8-AEO2022.33.lowprice-d011222a,"BkWh",226.635757,237.369507,245.874878,254.020081,260.80658,268.004944,274.602905,281.0383,287.745239,293.398621,298.678345,305.551208,312.962769,321.008179,327.920532,336.581238,345.661926,354.663574,364.332367,374.300598,385.280518,395.881317,407.2547,418.105896,431.05011,444.930511,457.135559,471.835052,486.110046,500.287354,"2.8%"
Less Direct Use,"Electricity: End-Use Generation: Less Direct Use",8-AEO2022.34.,"BkWh",,,,,,,,,,,,,,,,,,,,,,,,,,,,,,,
AEO2022 Reference case,"Electricity: End-Use Generation: Less Direct Use": AEO2022 Reference case,8-AEO2022.34.ref2022-d011222a,"BkWh",170.454453,178.732437,197.32666,204.050369,209.99321,216.795166,222.568405,228.036896,233.990952,239.285507,244.175385,249.969467,256.208923,262.779785,268.386505,275.374481,282.740417,289.827454,298.101715,306.495483,314.690216,323.755829,333.172546,342.120605,352.200317,363.607697,373.579712,385.180054,396.603516,407.639984,"3.1%"
High oil price,"Electricity: End-Use Generation: Less Direct Use": High oil price,8-AEO2022.34.highprice-d011222a,"BkWh",170.478378,178.609482,197.922028,205.88414,211.628113,217.615936,223.042191,229.026276,234.323959,239.59848,246.122955,251.016083,256.617889,262.683838,267.869476,274.022675,280.587708,286.857391,294.910156,303.104553,310.915314,321.146027,330.246613,339.171661,349.444458,360.233337,369.503876,380.88028,392.041199,404.458893,"3.0%"
Low oil price,"Electricity: End-Use Generation: Less Direct Use": Low oil price,8-AEO2022.34.lowprice-d011222a,"BkWh",170.450745,178.764008,196.552795,203.745163,209.59581,215.78154,221.344177,226.716995,232.322739,236.881943,240.997635,246.666977,252.765274,259.4039,264.87085,272.025635,279.490326,286.86499,294.77536,302.919098,311.958313,320.495911,329.691376,338.381927,348.942963,360.358551,370.019104,381.974701,393.416748,404.696869,"3.0%"
Total Sales to the Grid,"Electricity: End-Use Generation: Total Sales to the Grid",8-AEO2022.35.,"BkWh",,,,,,,,,,,,,,,,,,,,,,,,,,,,,,,
AEO2022 Reference case,"Electricity: End-Use Generation: Total Sales to the Grid": AEO2022 Reference case,8-AEO2022.35.ref2022-d011222a,"BkWh",56.187416,58.62788,49.35294,50.346813,51.28566,52.311077,53.366276,54.447098,55.575993,56.705177,57.892677,59.105049,60.432865,61.840347,63.281269,64.772217,66.352951,67.945671,69.677147,71.48175,73.32531,75.347237,77.490448,79.603638,81.901024,84.301521,86.759148,89.377487,92.11631,94.935104,"1.8%"
High oil price,"Electricity: End-Use Generation: Total Sales to the Grid": High oil price,8-AEO2022.35.highprice-d011222a,"BkWh",56.193207,58.612747,49.366222,50.458111,51.438126,52.473797,53.533585,54.650757,55.777412,56.904644,58.091461,59.27631,60.641445,61.925587,63.238903,64.6231,66.076294,67.517029,69.06884,70.686584,72.349686,74.253075,76.217857,78.162788,80.100929,82.238052,84.625298,86.84301,89.300888,91.926926,"1.7%"
Low oil price,"Electricity: End-Use Generation: Total Sales to the Grid": Low oil price,8-AEO2022.35.lowprice-d011222a,"BkWh",56.185017,58.605484,49.322083,50.274872,51.210743,52.223392,53.258732,54.321297,55.42252,56.516682,57.680725,58.884239,60.197491,61.604313,63.049664,64.555588,66.171593,67.798607,69.557022,71.381508,73.322189,75.385361,77.563271,79.723976,82.107155,84.571976,87.116455,89.860329,92.693298,95.590454,"1.8%"
Total Net Electricity Generation by Fuel,,8-AEO2022.37.,,,,,,,,,,,,,,,,,,,,,,,,,,,,,,,,
Coal,"Electricity: Total Electricity Generation by Fuel: Coal",8-AEO2022.38.,"BkWh",,,,,,,,,,,,,,,,,,,,,,,,,,,,,,,
AEO2022 Reference case,"Electricity: Total Electricity Generation by Fuel: Coal": AEO2022 Reference case,8-AEO2022.38.ref2022-d011222a,"BkWh",954.065247,910.040161,889.225586,759.283264,738.086487,729.978516,724.830627,717.0047,695.298828,684.396057,675.670227,661.864258,668.483215,631.024109,612.944763,590.340088,579.726624,577.52002,575.008545,564.35321,559.274475,553.753906,545.975281,537.750671,531.285217,528.742493,524.989868,523.258606,522.927124,523.698853,"-2.0%"
High oil price,"Electricity: Total Electricity Generation by Fuel: Coal": High oil price,8-AEO2022.38.highprice-d011222a,"BkWh",954.065063,917.230896,812.982727,700.583618,643.158875,628.494446,595.703674,610.376343,599.094666,594.349182,598.128296,588.812927,584.750854,532.484314,518.411865,501.249756,487.92572,490.977264,491.873444,483.056793,487.709717,475.040466,476.282471,466.610046,462.723694,457.411194,445.550934,441.053833,445.131805,447.575714,"-2.6%"
Low oil price,"Electricity: Total Electricity Generation by Fuel: Coal": Low oil price,8-AEO2022.38.lowprice-d011222a,"BkWh",954.065063,918.913147,909.505249,851.372253,777.148315,773.536194,771.132141,760.93219,742.972351,737.907715,734.100098,724.490112,714.179749,675.751831,664.943542,651.572083,643.89386,631.201355,630.387573,618.697205,616.333801,610.271118,609.619141,597.813232,578.191772,574.583984,571.238464,567.439819,565.038696,565.238647,"-1.8%"
Petroleum,"Electricity: Total Electricity Generation by Fuel: Petroleum",8-AEO2022.39.,"BkWh",,,,,,,,,,,,,,,,,,,,,,,,,,,,,,,
AEO2022 Reference case,"Electricity: Total Electricity Generation by Fuel: Petroleum": AEO2022 Reference case,8-AEO2022.39.ref2022-d011222a,"BkWh",11.761325,11.421148,11.058736,10.444309,10.240459,9.869279,9.40858,9.140697,8.934516,8.735831,8.454709,8.331432,8.271996,8.085844,7.966316,7.792,7.608243,7.426757,7.334853,7.201849,6.894265,6.597302,6.28202,5.947479,5.630024,5.659331,5.65618,5.676089,5.655016,5.690712,"-2.5%"
High oil price,"Electricity: Total Electricity Generation by Fuel: Petroleum": High oil price,8-AEO2022.39.highprice-d011222a,"BkWh",11.739774,11.395632,10.678031,10.185543,9.885656,9.490438,8.938219,8.751001,8.606133,8.461125,8.236217,8.133426,8.085079,7.857855,7.775383,7.615233,7.436304,7.276456,7.19242,7.062162,6.795422,6.469479,6.186149,5.84841,5.513615,5.500768,5.47067,5.483804,5.513218,5.548552,"-2.6%"
Low oil price,"Electricity: Total Electricity Generation by Fuel: Petroleum": Low oil price,8-AEO2022.39.lowprice-d011222a,"BkWh",11.758864,14.514632,15.614014,13.891183,12.481828,12.870704,13.759243,12.78949,12.608441,11.538218,11.2848,10.128423,10.089068,9.856717,8.897625,8.725245,8.546568,8.321166,8.233889,8.107101,7.817934,7.539934,7.329433,7.004384,6.625252,6.622625,6.292377,6.558952,6.285281,6.270138,"-2.1%"
Natural Gas,"Electricity: Total Electricity Generation by Fuel: Natural Gas",8-AEO2022.40.,"BkWh",,,,,,,,,,,,,,,,,,,,,,,,,,,,,,,
AEO2022 Reference case,"Electricity: Total Electricity Generation by Fuel: Natural Gas": AEO2022 Reference case,8-AEO2022.40.ref2022-d011222a,"BkWh",1564.134888,1539.557007,1570.119507,1587.421875,1554.370728,1550.957886,1561.151245,1582.019897,1563.207275,1541.63501,1541.702759,1550.777222,1562.238159,1563.931152,1554.278076,1562.494141,1583.455933,1603.228149,1617.273071,1638.606689,1666.365234,1689.419189,1706.203857,1739.084595,1763.224365,1780.978027,1799.081299,1820.297852,1835.515747,1855.924561,"0.6%"
High oil price,"Electricity: Total Electricity Generation by Fuel: Natural Gas": High oil price,8-AEO2022.40.highprice-d011222a,"BkWh",1564.170776,1524.213013,1650.862183,1671.248413,1700.295776,1711.910034,1721.321289,1717.269531,1725.324829,1712.654175,1709.8302,1715.044067,1732.527588,1710.465698,1628.764893,1602.112549,1628.71936,1634.219727,1639.016602,1651.852051,1657.474487,1695.625244,1730.841309,1770.288452,1794.759888,1826.746948,1870.727905,1895.231445,1921.204346,1930.846436,"0.7%"
Low oil price,"Electricity: Total Electricity Generation by Fuel: Natural Gas": Low oil price,8-AEO2022.40.lowprice-d011222a,"BkWh",1564.417358,1524.055298,1538.944702,1464.164551,1474.517944,1466.237427,1466.841675,1492.068359,1472.463257,1436.928955,1433.352905,1432.062744,1482.231689,1489.080078,1461.964966,1439.534668,1447.724976,1489.874512,1516.934204,1544.046631,1571.201294,1605.134033,1632.869507,1652.222534,1675.119141,1679.320557,1714.124146,1745.820435,1762.763428,1800.49707,"0.5%"
Nuclear Power,"Electricity: Total Electricity Generation by Fuel: Nuclear",8-AEO2022.41.,"BkWh",,,,,,,,,,,,,,,,,,,,,,,,,,,,,,,
AEO2022 Reference case,"Electricity: Total Electricity Generation by Fuel: Nuclear": AEO2022 Reference case,8-AEO2022.41.ref2022-d011222a,"BkWh",777.68219,783.615601,785.479919,788.973083,781.77594,773.335144,759.403198,721.808838,715.159424,707.001709,708.094971,708.853394,668.132751,668.827271,670.2323,671.276855,665.094849,665.30542,664.896606,665.355957,666.541321,667.808411,668.674927,669.437256,670.255371,670.682373,671.10791,661.607788,661.928955,662.392517,"-0.6%"
High oil price,"Electricity: Total Electricity Generation by Fuel: Nuclear": High oil price,8-AEO2022.41.highprice-d011222a,"BkWh",777.68219,783.615601,785.479858,788.973022,781.77594,773.335205,759.403198,713.870911,700.828796,701.547241,702.640503,693.633545,644.036621,644.731201,646.13623,647.180786,647.391479,647.602051,647.602539,647.947388,649.199036,650.105103,650.978577,651.733887,644.783081,645.210083,645.635742,645.901001,638.515869,638.979492,"-0.7%"
Low oil price,"Electricity: Total Electricity Generation by Fuel: Nuclear": Low oil price,8-AEO2022.41.lowprice-d011222a,"BkWh",777.68219,783.615601,785.479919,788.973083,781.776001,773.335144,759.403198,721.808838,722.233093,722.951538,724.0448,724.803223,684.082581,684.777161,686.182129,687.226685,687.437378,687.648071,687.389282,687.993408,689.244995,690.151001,691.024536,691.779907,692.5979,693.025024,686.376953,680.249512,680.570557,671.268738,"-0.5%"
Renewable Sources,"Electricity: Total Electricity Generation by Fuel: Renewable Sources",8-AEO2022.42.,"BkWh",,,,,,,,,,,,,,,,,,,,,,,,,,,,,,,
AEO2022 Reference case,"Electricity: Total Electricity Generation by Fuel: Renewable Sources": AEO2022 Reference case,8-AEO2022.42.ref2022-d011222a,"BkWh",878.791382,974.679626,1061.851929,1201.24292,1298.863647,1347.501465,1378.319702,1425.37439,1499.575195,1562.884766,1600.368164,1634.21936,1687.255981,1753.991943,1818.724609,1874.491577,1916.444458,1946.12793,1980.412598,2012.050049,2037.640381,2070.432617,2113.140381,2139.900635,2176.431152,2215.043213,2254.643311,2297.068604,2340.404541,2384.618408,"3.5%"
High oil price,"Electricity: Total Electricity Generation by Fuel: Renewable Sources": High oil price,8-AEO2022.42.highprice-d011222a,"BkWh",878.838074,974.668396,1061.263428,1218.556396,1307.991455,1356.678711,1427.798828,1496.720215,1558.233398,1615.669678,1655.210938,1709.423218,1784.99707,1901.348145,2046.156738,2141.842529,2185.808105,2229.764648,2275.825195,2319.263184,2363.984619,2400.600342,2429.156006,2458.912354,2506.947266,2541.088135,2569.692139,2603.887695,2636.49585,2681.97876,"3.9%"
Low oil price,"Electricity: Total Electricity Generation by Fuel: Renewable Sources": Low oil price,8-AEO2022.42.lowprice-d011222a,"BkWh",878.825378,974.364319,1062.039429,1204.001343,1299.146362,1346.953857,1385.374023,1431.924683,1492.396118,1552.818359,1589.046753,1628.172241,1660.336426,1720.511353,1793.289551,1866.148438,1910.376465,1927.096436,1944.425903,1969.639648,1992.019287,2012.171631,2034.078247,2073.892334,2121.034668,2168.267334,2197.525146,2230.490967,2269.553467,2300.448242,"3.4%"
Other,"Electricity: Total Electricity Generation by Fuel: Other",8-AEO2022.43.,"BkWh",,,,,,,,,,,,,,,,,,,,,,,,,,,,,,,
AEO2022 Reference case,"Electricity: Total Electricity Generation by Fuel: Other": AEO2022 Reference case,8-AEO2022.43.ref2022-d011222a,"BkWh",16.131493,16.067091,17.010704,16.839314,16.828461,16.641758,16.430542,16.098272,15.926209,15.633497,15.26155,14.963142,14.836662,14.86035,14.883809,14.684238,14.899931,14.874331,14.771441,14.690637,14.510942,14.339687,13.894498,13.661978,13.495836,13.26823,12.727957,12.704678,12.120565,11.826344,"-1.1%"
High oil price,"Electricity: Total Electricity Generation by Fuel: Other": High oil price,8-AEO2022.43.highprice-d011222a,"BkWh",16.131105,16.068949,17.134621,16.977764,16.847095,16.646547,16.645771,16.523285,16.039715,15.771367,15.472132,14.908169,14.716959,14.577798,13.983549,13.40201,13.110456,12.856033,12.58673,12.242006,11.904106,11.528141,11.153849,10.632909,9.781053,9.159266,8.372357,7.674915,6.688704,5.628918,"-3.6%"
Low oil price,"Electricity: Total Electricity Generation by Fuel: Other": Low oil price,8-AEO2022.43.lowprice-d011222a,"BkWh",16.130127,16.065361,16.945755,16.941328,16.936535,16.598858,16.101952,16.095963,15.807528,15.779066,15.236163,14.876208,14.724257,14.613588,14.801044,14.487593,14.378303,14.383921,14.245466,14.054179,13.987265,13.926212,13.610192,13.425167,13.174966,12.951203,12.653717,12.325682,12.128814,12.010434,"-1.0%"
Total Net Electricity Generation,"Electricity: Total Electricity Generation",8-AEO2022.44.,"BkWh",,,,,,,,,,,,,,,,,,,,,,,,,,,,,,,
AEO2022 Reference case,"Electricity: Total Electricity Generation": AEO2022 Reference case,8-AEO2022.44.ref2022-d011222a,"BkWh",4202.566406,4235.380859,4334.746094,4364.205078,4400.165527,4428.28418,4449.543945,4471.446777,4498.101562,4520.286621,4549.551758,4579.009277,4609.21875,4640.720703,4679.029785,4721.079102,4767.229492,4814.481934,4859.697266,4902.258301,4951.226562,5002.350586,5054.170898,5105.782715,5160.322266,5214.374023,5268.206543,5320.61377,5378.551758,5444.151855,"0.9%"
High oil price,"Electricity: Total Electricity Generation": High oil price,8-AEO2022.44.highprice-d011222a,"BkWh",4202.626953,4227.192383,4338.400391,4406.524414,4459.955078,4496.555664,4529.811035,4563.51123,4608.12793,4648.452637,4689.518555,4729.955078,4769.11377,4811.465332,4861.229004,4913.40332,4970.391602,5022.696777,5074.097168,5121.422852,5177.067871,5239.368652,5304.598145,5364.025879,5424.508789,5485.116211,5545.449219,5599.232422,5653.550293,5710.558105,"1.1%"
Low oil price,"Electricity: Total Electricity Generation": Low oil price,8-AEO2022.44.lowprice-d011222a,"BkWh",4202.879395,4231.52832,4328.529297,4339.34375,4362.007324,4389.532227,4412.612793,4435.619629,4458.480957,4477.923828,4507.06543,4534.533203,4565.643555,4594.59082,4630.079102,4667.694336,4712.35791,4758.524902,4801.616699,4842.538574,4890.604492,4939.193359,4988.53125,5036.137695,5086.743652,5134.771484,5188.210938,5242.885254,5296.339844,5355.733398,"0.8%"
Net Generation to the Grid,"Electricity: Total Net Generation to the Grid",8-AEO2022.45.,"BkWh",,,,,,,,,,,,,,,,,,,,,,,,,,,,,,,
AEO2022 Reference case,"Electricity: Total Net Generation to the Grid": AEO2022 Reference case,8-AEO2022.45.ref2022-d011222a,"BkWh",4017.126465,4041.746094,4122.978516,4145.946289,4176.016602,4197.335938,4212.822754,4229.257324,4249.958008,4266.848633,4291.224121,4314.887695,4338.85791,4363.789062,4396.491211,4431.552734,4470.337402,4510.50293,4547.443848,4581.611328,4622.384277,4664.442871,4706.846191,4749.510254,4794.05957,4836.70459,4880.564941,4921.371582,4967.88623,5022.449707,"0.8%"
High oil price,"Electricity: Total Net Generation to the Grid": High oil price,8-AEO2022.45.highprice-d011222a,"BkWh",4017.162842,4033.68042,4126.038574,4186.432129,4234.171387,4264.787109,4292.616699,4320.33252,4359.651367,4394.702148,4429.243164,4464.787109,4498.344238,4534.629883,4579.20752,4625.228516,4675.652832,4721.688477,4765.036133,4804.16748,4852.001465,4904.071777,4960.200684,5010.703125,5061.003418,5110.822266,5161.884766,5204.291016,5247.447754,5292.038086,"1.0%"
Low oil price,"Electricity: Total Net Generation to the Grid": Low oil price,8-AEO2022.45.lowprice-d011222a,"BkWh",4017.442871,4037.861816,4117.535645,4121.390137,4138.255859,4159.595215,4177.116211,4194.750488,4212.005859,4226.889648,4251.915527,4273.714844,4298.726562,4321.035645,4351.057129,4381.517578,4418.71582,4457.508789,4492.689941,4525.467773,4564.495117,4604.545898,4644.688965,4683.60498,4723.739746,4760.352051,4804.130859,4846.850098,4888.862793,4936.975586,"0.7%"
Net Imports,"Electricity: Net Imports",8-AEO2022.47.,"BkWh",,,,,,,,,,,,,,,,,,,,,,,,,,,,,,,
AEO2022 Reference case,"Electricity: Net Imports": AEO2022 Reference case,8-AEO2022.47.ref2022-d011222a,"BkWh",62.553013,47.219009,40.623642,41.481922,38.58707,40.027634,44.062073,46.434555,47.252548,49.05827,46.876511,47.976513,46.660816,48.101311,46.620674,45.749447,45.057339,45.310993,46.143089,46.427158,45.068878,44.31723,43.557293,44.351261,43.388588,43.541924,43.550758,43.719666,43.768509,43.881573,"-1.2%"
High oil price,"Electricity: Net Imports": High oil price,8-AEO2022.47.highprice-d011222a,"BkWh",62.759342,45.42556,40.131691,41.519909,38.55447,39.978634,43.934261,46.425274,47.256676,49.074516,46.896385,47.976727,47.361481,48.997768,47.748581,47.271469,46.025112,46.29541,46.546246,47.562962,45.785004,46.574329,46.533199,47.233784,47.158401,46.841801,46.945309,46.461269,45.931362,46.074673,"-1.1%"
Low oil price,"Electricity: Net Imports": Low oil price,8-AEO2022.47.lowprice-d011222a,"BkWh",62.136257,46.22913,42.233925,43.113316,39.147182,39.993206,44.030853,46.493847,46.770134,49.05125,46.875519,47.629341,45.754597,47.033409,46.510044,45.823307,45.230682,45.972988,46.039806,46.37923,44.922009,44.208878,43.794308,44.352558,43.375603,43.51305,43.558353,43.720707,43.801205,43.90929,"-1.2%"
Electricity Sales by Sector,,8-AEO2022.49.,,,,,,,,,,,,,,,,,,,,,,,,,,,,,,,,
Residential,"Electricity: Electricity Sales by Sector: Residential",8-AEO2022.50.,"BkWh",,,,,,,,,,,,,,,,,,,,,,,,,,,,,,,
AEO2022 Reference case,"Electricity: Electricity Sales by Sector: Residential": AEO2022 Reference case,8-AEO2022.50.ref2022-d011222a,"BkWh",1490.360718,1462.067017,1503.626343,1516.553345,1528.750854,1538.544067,1545.331909,1551.877075,1558.520386,1565.172119,1572.079224,1579.694458,1587.423828,1595.572876,1606.219116,1618.23999,1631.945679,1646.132324,1659.446655,1671.47168,1683.839478,1696.62085,1709.675415,1724.329102,1738.968262,1753.618774,1768.411865,1782.854126,1797.957031,1814.861084,"0.7%"
High oil price,"Electricity: Electricity Sales by Sector: Residential": High oil price,8-AEO2022.50.highprice-d011222a,"BkWh",1490.360718,1462.067139,1502.062256,1515.796875,1528.668945,1539.698242,1548.725464,1557.622437,1567.988647,1578.121826,1587.673218,1598.339722,1609.374512,1621.010742,1633.979248,1647.886841,1662.580933,1676.255005,1688.19812,1698.194946,1708.429688,1718.797607,1730.068115,1742.135254,1753.76001,1765.728516,1778.150635,1789.509644,1800.487793,1811.296753,"0.7%"
Low oil price,"Electricity: Electricity Sales by Sector: Residential": Low oil price,8-AEO2022.50.lowprice-d011222a,"BkWh",1490.360718,1462.067017,1508.398804,1520.338501,1530.357788,1539.693237,1547.379761,1554.508423,1560.968384,1568.206177,1575.139526,1582.025024,1589.613525,1597.329712,1607.328979,1618.487915,1631.601074,1645.332642,1658.997192,1672.095825,1684.933594,1698.543457,1712.588989,1727.215942,1741.609741,1755.495483,1771.687988,1786.462158,1801.717896,1818.647583,"0.7%"
Commercial,"Electricity: Electricity Sales by Sector: Commercial",8-AEO2022.51.,"BkWh",,,,,,,,,,,,,,,,,,,,,,,,,,,,,,,
AEO2022 Reference case,"Electricity: Electricity Sales by Sector: Commercial": AEO2022 Reference case,8-AEO2022.51.ref2022-d011222a,"BkWh",1318.740723,1330.58374,1341.428345,1340.378296,1340.497314,1337.671509,1340.386719,1342.864746,1345.537476,1346.755371,1349.189575,1353.590454,1357.982178,1363.30542,1371.24707,1379.204224,1387.837646,1397.773315,1406.68396,1414.837402,1425.085938,1435.421631,1446.085815,1458.705811,1470.619507,1482.187134,1495.728516,1508.557983,1522.352173,1537.953247,"0.5%"
High oil price,"Electricity: Electricity Sales by Sector: Commercial": High oil price,8-AEO2022.51.highprice-d011222a,"BkWh",1318.740723,1330.58374,1342.283203,1342.69812,1344.700439,1344.119263,1349.364868,1352.763062,1358.37561,1362.217407,1366.380981,1373.366699,1380.740601,1389.100464,1399.369995,1410.342529,1421.659668,1433.319702,1443.218262,1451.825439,1462.737549,1472.776001,1485.225464,1498.451538,1510.881592,1523.586304,1538.423462,1552.162476,1566.150635,1579.969482,"0.6%"
Low oil price,"Electricity: Electricity Sales by Sector: Commercial": Low oil price,8-AEO2022.51.lowprice-d011222a,"BkWh",1318.740723,1330.58374,1342.614258,1340.745972,1339.513184,1336.668335,1339.815063,1342.498779,1345.497803,1347.700195,1350.378662,1354.248169,1358.711914,1363.660034,1371.091919,1378.07605,1385.878906,1395.513184,1404.743408,1413.203125,1422.751953,1433.567505,1444.619019,1456.611328,1467.911255,1478.890747,1492.952148,1505.191772,1518.741577,1533.730103,"0.5%"
Industrial,"Electricity: Electricity Sales by Sector: Industrial",8-AEO2022.52.,"BkWh",,,,,,,,,,,,,,,,,,,,,,,,,,,,,,,
AEO2022 Reference case,"Electricity: Electricity Sales by Sector: Industrial": AEO2022 Reference case,8-AEO2022.52.ref2022-d011222a,"BkWh",981.154175,1005.024719,1021.129761,1029.481445,1040.120239,1048.969849,1052.648071,1056.979492,1063.391602,1069.250244,1075.320435,1081.836304,1086.909424,1091.863037,1097.661743,1103.761841,1112.118774,1120.745239,1128,1134.64209,1143.697632,1153.487061,1162.898438,1171.024658,1178.787476,1187.547241,1194.303345,1198.155273,1205.482666,1217.495972,"0.7%"
High oil price,"Electricity: Electricity Sales by Sector: Industrial": High oil price,8-AEO2022.52.highprice-d011222a,"BkWh",981.154236,994.608276,1020.806335,1061.10083,1083.643066,1095.427368,1103.208252,1109.186035,1121.533936,1134.495605,1141.00708,1147.185181,1150.546753,1155.009521,1161.586548,1169.320923,1179.970093,1187.383301,1195.74585,1204.980835,1218.995972,1235.681519,1252.838623,1265.989136,1275.299316,1287.690918,1299.14624,1304.304565,1307.826416,1316.562256,"1.0%"
Low oil price,"Electricity: Electricity Sales by Sector: Industrial": Low oil price,8-AEO2022.52.lowprice-d011222a,"BkWh",981.154114,1000.136597,1011.699524,1004.538757,1005.993408,1015.476746,1021.006165,1025.985962,1028.637085,1032.426147,1040.485107,1047.701294,1054.735474,1060.020752,1065.726074,1071.606689,1080.979126,1090.313721,1097.083618,1102.477783,1109.678711,1117.269775,1126.266968,1131.763184,1137.171021,1143.127563,1150.452759,1156.615845,1163.129272,1171.885986,"0.6%"
Transportation,"Electricity: Electricity Sales by Sector: Transportation",8-AEO2022.53.,"BkWh",,,,,,,,,,,,,,,,,,,,,,,,,,,,,,,
AEO2022 Reference case,"Electricity: Electricity Sales by Sector: Transportation": AEO2022 Reference case,8-AEO2022.53.ref2022-d011222a,"BkWh",12.94879,16.509607,20.292669,24.278189,28.427673,32.725151,37.007988,41.218395,45.448124,49.776802,54.19413,58.58527,63.047359,67.555511,72.068115,76.628693,81.268333,85.95343,90.691299,95.48835,100.26149,105.033951,109.915283,114.89492,119.936058,124.96225,130.002838,135.069107,140.266647,145.683121,"8.7%"
High oil price,"Electricity: Electricity Sales by Sector: Transportation": High oil price,8-AEO2022.53.highprice-d011222a,"BkWh",13.297929,17.679585,22.870476,29.196447,36.071602,43.3475,50.95488,58.868172,67.296516,76.211159,85.420258,94.657593,103.908737,113.32589,122.796158,132.272232,141.782578,151.100113,160.412933,169.7229,178.964691,188.271179,197.665237,206.910187,216.112976,225.209137,234.31015,243.29332,252.186432,261.333649,"10.8%"
Low oil price,"Electricity: Electricity Sales by Sector: Transportation": Low oil price,8-AEO2022.53.lowprice-d011222a,"BkWh",12.805949,16.171995,19.674217,23.112822,26.658703,30.274652,33.818924,37.272617,40.603294,43.940674,47.346668,50.678387,54.062317,57.459526,60.869919,64.305534,67.816383,71.352699,74.903229,78.467842,82.000725,85.496666,89.072479,92.731415,96.355705,99.911774,103.551476,107.27037,111.104721,115.16552,"7.9%"
Total,"Electricity: Electricity Sales by Sector: Total",8-AEO2022.54.,"BkWh",,,,,,,,,,,,,,,,,,,,,,,,,,,,,,,
AEO2022 Reference case,"Electricity: Electricity Sales by Sector: Total": AEO2022 Reference case,8-AEO2022.54.ref2022-d011222a,"BkWh",3803.204102,3814.184814,3886.477539,3910.691406,3937.795898,3957.910889,3975.375,3992.939453,4012.897217,4030.954102,4050.783447,4073.706543,4095.362793,4118.296875,4147.196289,4177.834961,4213.17041,4250.604492,4284.821777,4316.438965,4352.884277,4390.563477,4428.574219,4468.954102,4508.311523,4548.31543,4588.446289,4624.63623,4666.058105,4715.993652,"0.7%"
High oil price,"Electricity: Electricity Sales by Sector: Total": High oil price,8-AEO2022.54.highprice-d011222a,"BkWh",3803.553467,3804.938965,3888.022461,3948.792236,3993.084229,4022.592773,4052.253662,4078.439697,4115.195312,4151.046387,4180.481445,4213.548828,4244.570312,4278.446777,4317.731934,4359.822266,4405.993164,4448.058594,4487.575195,4524.724121,4569.12793,4615.526367,4665.797363,4713.486328,4756.053711,4802.214355,4850.030273,4889.270508,4926.651367,4969.162109,"0.9%"
Low oil price,"Electricity: Electricity Sales by Sector: Total": Low oil price,8-AEO2022.54.lowprice-d011222a,"BkWh",3803.061523,3808.959229,3882.386963,3888.736084,3902.522949,3922.113281,3942.019775,3960.265137,3975.707031,3992.273193,4013.349854,4034.652832,4057.123535,4078.469727,4105.01709,4132.476074,4166.275391,4202.512695,4235.727539,4266.244629,4299.365234,4334.877441,4372.547363,4408.321777,4443.047852,4477.425781,4518.644531,4555.540527,4594.693359,4639.429199,"0.7%"
Direct Use,"Electricity: Direct Use",8-AEO2022.55.,"BkWh",,,,,,,,,,,,,,,,,,,,,,,,,,,,,,,
AEO2022 Reference case,"Electricity: Direct Use": AEO2022 Reference case,8-AEO2022.55.ref2022-d011222a,"BkWh",185.439957,193.63501,211.767456,218.258698,224.148819,230.947891,236.72113,242.189621,248.143646,253.437653,258.327515,264.121246,270.360718,276.93158,282.5383,289.526276,296.892212,303.979248,312.25351,320.647278,328.84201,337.907623,347.324341,356.2724,366.262115,377.669495,387.64151,399.241852,410.665314,421.701782,"2.9%"
High oil price,"Electricity: Direct Use": High oil price,8-AEO2022.55.highprice-d011222a,"BkWh",185.463882,193.512054,212.362274,220.091934,225.783173,231.768112,237.194366,243.178421,248.476105,253.750626,260.275085,265.167877,270.769684,276.835632,282.021271,288.174469,294.738647,301.008331,309.061096,317.255493,325.066254,335.296967,344.397552,353.322601,363.505432,374.294312,383.56485,394.941254,406.102173,418.519867,"2.8%"
Low oil price,"Electricity: Direct Use": Low oil price,8-AEO2022.55.lowprice-d011222a,"BkWh",185.436249,193.666565,210.993591,217.953491,223.751419,229.937149,235.496674,240.869492,246.475235,251.034439,255.150116,260.818573,266.91684,273.55545,279.0224,286.177185,293.641876,301.016541,308.92691,317.070648,326.109863,334.647461,343.842102,352.532654,363.003723,374.419312,384.079865,396.035461,407.477509,418.757629,"2.8%"
Total Electricity Use,"Electricity: Total Electricity Use",8-AEO2022.56.,"BkWh",,,,,,,,,,,,,,,,,,,,,,,,,,,,,,,
AEO2022 Reference case,"Electricity: Total Electricity Use": AEO2022 Reference case,8-AEO2022.56.ref2022-d011222a,"BkWh",3988.644043,4007.819824,4098.245117,4128.950195,4161.944824,4188.858887,4212.096191,4235.128906,4261.041016,4284.391602,4309.11084,4337.827637,4365.723633,4395.228516,4429.734375,4467.361328,4510.0625,4554.583984,4597.075195,4637.086426,4681.726074,4728.471191,4775.898438,4825.226562,4874.57373,4925.984863,4976.087891,5023.87793,5076.723633,5137.695312,"0.9%"
High oil price,"Electricity: Total Electricity Use": High oil price,8-AEO2022.56.highprice-d011222a,"BkWh",3989.017334,3998.450928,4100.384766,4168.884277,4218.867188,4254.36084,4289.448242,4321.618164,4363.671387,4404.796875,4440.756348,4478.716797,4515.339844,4555.282227,4599.753418,4647.996582,4700.731934,4749.066895,4796.63623,4841.979492,4894.194336,4950.823242,5010.194824,5066.809082,5119.559082,5176.508789,5233.595215,5284.211914,5332.753418,5387.682129,"1.0%"
Low oil price,"Electricity: Total Electricity Use": Low oil price,8-AEO2022.56.lowprice-d011222a,"BkWh",3988.497803,4002.625732,4093.380615,4106.689453,4126.274414,4152.050293,4177.516602,4201.134766,4222.182129,4243.307617,4268.5,4295.471191,4324.040527,4352.025391,4384.039551,4418.65332,4459.91748,4503.529297,4544.654297,4583.31543,4625.475098,4669.524902,4716.389648,4760.854492,4806.051758,4851.845215,4902.724609,4951.576172,5002.170898,5058.187012,"0.8%"
End-Use Prices,,8-AEO2022.58.,,,,,,,,,,,,,,,,,,,,,,,,,,,,,,,,
(2021 cents per kilowatthour),,8-AEO2022.59.,,,,,,,,,,,,,,,,,,,,,,,,,,,,,,,,
Residential,"Electricity: End-Use Prices: Residential",8-AEO2022.60.,"2021 cents/kWh",,,,,,,,,,,,,,,,,,,,,,,,,,,,,,,
AEO2022 Reference case,"Electricity: End-Use Prices: Residential": AEO2022 Reference case,8-AEO2022.60.ref2022-d011222a,"2021 cents/kWh",13.204668,13.19892,13.113318,12.846592,12.796084,12.791222,12.833588,12.891199,12.947026,12.982016,13.041229,13.087029,13.172232,13.234403,13.179122,13.164371,13.112159,13.059194,13.071374,13.075871,13.043702,13.050395,13.028461,12.954947,12.965469,12.952467,12.928181,12.947739,12.922132,12.839006,"-0.1%"
High oil price,"Electricity: End-Use Prices: Residential": High oil price,8-AEO2022.60.highprice-d011222a,"2021 cents/kWh",13.214783,13.117534,13.025378,12.774663,12.69456,12.663517,12.636892,12.697681,12.669176,12.651257,12.708758,12.683783,12.693962,12.672551,12.580191,12.497618,12.405021,12.352766,12.368446,12.394883,12.379666,12.412221,12.384631,12.363379,12.416713,12.43533,12.407811,12.453248,12.474282,12.500933,"-0.2%"
Low oil price,"Electricity: End-Use Prices: Residential": Low oil price,8-AEO2022.60.lowprice-d011222a,"2021 cents/kWh",13.212102,13.144835,13.076763,12.921591,12.932343,12.898628,12.915133,12.960275,12.998333,12.98044,13.055153,13.127258,13.185497,13.27396,13.250116,13.268316,13.240794,13.217914,13.205304,13.190296,13.186044,13.152369,13.122579,13.085758,13.093249,13.108103,13.009071,13.068889,13.033081,12.947835,"-0.1%"
Commercial,"Electricity: End-Use Prices: Commercial",8-AEO2022.61.,"2021 cents/kWh",,,,,,,,,,,,,,,,,,,,,,,,,,,,,,,
AEO2022 Reference case,"Electricity: End-Use Prices: Commercial": AEO2022 Reference case,8-AEO2022.61.ref2022-d011222a,"2021 cents/kWh",11.321513,11.286731,11.000741,10.704583,10.655178,10.625522,10.633972,10.651105,10.669845,10.666556,10.69725,10.689818,10.746161,10.770409,10.683289,10.638019,10.564421,10.483219,10.48368,10.462956,10.396583,10.377704,10.347678,10.243177,10.236178,10.208999,10.153028,10.160584,10.127776,10.033151,"-0.4%"
High oil price,"Electricity: End-Use Prices: Commercial": High oil price,8-AEO2022.61.highprice-d011222a,"2021 cents/kWh",11.330565,11.204356,10.89214,10.596948,10.519786,10.46298,10.403914,10.459043,10.372533,10.323524,10.368873,10.299469,10.298862,10.251909,10.140058,10.031814,9.926245,9.84524,9.846654,9.843316,9.784052,9.7948,9.732267,9.668322,9.692687,9.673492,9.607652,9.62767,9.621346,9.618729,"-0.6%"
Low oil price,"Electricity: End-Use Prices: Commercial": Low oil price,8-AEO2022.61.lowprice-d011222a,"2021 cents/kWh",11.326162,11.223724,10.967931,10.818203,10.825491,10.756036,10.73998,10.751291,10.752564,10.687091,10.721695,10.745186,10.773863,10.825831,10.767344,10.764986,10.71056,10.654972,10.631119,10.597667,10.571574,10.512037,10.473022,10.403906,10.396486,10.383562,10.266142,10.311929,10.266486,10.169052,"-0.4%"
Industrial,"Electricity: End-Use Prices: Industrial",8-AEO2022.62.,"2021 cents/kWh",,,,,,,,,,,,,,,,,,,,,,,,,,,,,,,
AEO2022 Reference case,"Electricity: End-Use Prices: Industrial": AEO2022 Reference case,8-AEO2022.62.ref2022-d011222a,"2021 cents/kWh",7.482143,7.415622,7.099225,6.860368,6.780373,6.703449,6.7006,6.729796,6.737669,6.748266,6.753282,6.761545,6.775908,6.781519,6.724967,6.707092,6.658971,6.623063,6.610574,6.596922,6.571123,6.546055,6.510307,6.458894,6.437236,6.416287,6.395828,6.389399,6.369305,6.330552,"-0.6%"
High oil price,"Electricity: End-Use Prices: Industrial": High oil price,8-AEO2022.62.highprice-d011222a,"2021 cents/kWh",7.489274,7.329356,7.009194,6.772897,6.68567,6.613477,6.579938,6.607352,6.608155,6.594843,6.604477,6.592605,6.571363,6.537602,6.474195,6.417286,6.34979,6.314653,6.303496,6.301634,6.277642,6.249088,6.201303,6.171215,6.168526,6.142307,6.110718,6.103236,6.10242,6.105337,"-0.7%"
Low oil price,"Electricity: End-Use Prices: Industrial": Low oil price,8-AEO2022.62.lowprice-d011222a,"2021 cents/kWh",7.485746,7.382975,7.05577,6.949952,6.907476,6.798905,6.773952,6.783719,6.779061,6.747104,6.759153,6.779339,6.767036,6.791876,6.764071,6.774336,6.734624,6.70603,6.677796,6.654458,6.635128,6.599068,6.564893,6.545602,6.526175,6.515296,6.458798,6.472328,6.447155,6.413018,"-0.5%"
Transportation,"Electricity: End-Use Prices: Transportation",8-AEO2022.63.,"2021 cents/kWh",,,,,,,,,,,,,,,,,,,,,,,,,,,,,,,
AEO2022 Reference case,"Electricity: End-Use Prices: Transportation": AEO2022 Reference case,8-AEO2022.63.ref2022-d011222a,"2021 cents/kWh",13.295882,13.52438,13.053942,12.685942,12.697647,12.802761,12.838901,12.866041,12.878111,12.821172,12.853887,12.884776,12.920756,12.906034,12.797232,12.703999,12.629093,12.553985,12.48492,12.428536,12.361684,12.300412,12.213105,12.128054,12.076079,12.015777,11.942313,11.885674,11.824767,11.749321,"-0.4%"
High oil price,"Electricity: End-Use Prices: Transportation": High oil price,8-AEO2022.63.highprice-d011222a,"2021 cents/kWh",13.263829,13.369316,12.956933,12.649769,12.662341,12.738847,12.705442,12.704371,12.650606,12.556928,12.570216,12.556118,12.508289,12.401132,12.240904,12.122981,12.011944,11.915229,11.844466,11.780633,11.726372,11.654317,11.537275,11.482272,11.468218,11.452034,11.394405,11.354139,11.320697,11.298111,"-0.6%"
Low oil price,"Electricity: End-Use Prices: Transportation": Low oil price,8-AEO2022.63.lowprice-d011222a,"2021 cents/kWh",13.324147,13.503682,13.059143,12.806084,12.868093,12.923873,12.930403,12.926874,12.918036,12.82354,12.864155,12.920116,12.944218,12.951676,12.865052,12.79926,12.73315,12.63812,12.557103,12.482109,12.427465,12.350875,12.265318,12.219565,12.202071,12.149714,12.06696,12.020342,11.951828,11.86491,"-0.4%"
All Sectors Average,"Electricity: End-Use Prices: All Sectors Average",8-AEO2022.64.,"2021 cents/kWh",,,,,,,,,,,,,,,,,,,,,,,,,,,,,,,
AEO2022 Reference case,"Electricity: End-Use Prices: All Sectors Average": AEO2022 Reference case,8-AEO2022.64.ref2022-d011222a,"2021 cents/kWh",11.075705,11.009381,10.803708,10.535566,10.477593,10.445915,10.46802,10.506577,10.537261,10.552866,10.588819,10.607756,10.666314,10.702524,10.638994,10.615939,10.560205,10.504894,10.508598,10.502004,10.460717,10.449843,10.421255,10.346347,10.344573,10.32613,10.29534,10.308409,10.284522,10.210072,"-0.3%"
High oil price,"Electricity: End-Use Prices: All Sectors Average": High oil price,8-AEO2022.64.highprice-d011222a,"2021 cents/kWh",11.084735,10.936642,10.708949,10.42049,10.331205,10.281494,10.245214,10.298905,10.258938,10.23041,10.27506,10.24538,10.25069,10.223252,10.13702,10.057831,9.970906,9.91805,9.922651,9.930439,9.895173,9.896097,9.84411,9.804776,9.832854,9.825533,9.783885,9.807554,9.816831,9.826773,"-0.4%"
Low oil price,"Electricity: End-Use Prices: All Sectors Average": Low oil price,8-AEO2022.64.lowprice-d011222a,"2021 cents/kWh",11.081171,10.962338,10.7784,10.653111,10.655649,10.589339,10.585371,10.610974,10.628361,10.592552,10.635481,10.676702,10.70602,10.76614,10.731273,10.742244,10.702782,10.667539,10.649464,10.629471,10.615582,10.574345,10.540637,10.502315,10.502151,10.503599,10.413513,10.458459,10.425256,10.351681,"-0.2%"
(nominal cents per kilowatthour),,8-AEO2022.65.,,,,,,,,,,,,,,,,,,,,,,,,,,,,,,,,
Residential,"Electricity: End-Use Prices: Residential",8-AEO2022.66.,"nom cents/kWh",,,,,,,,,,,,,,,,,,,,,,,,,,,,,,,
AEO2022 Reference case,"Electricity: End-Use Prices: Residential": AEO2022 Reference case,8-AEO2022.66.ref2022-d011222a,"nom cents/kWh",13.204668,13.517564,13.668635,13.693782,13.96386,14.300917,14.712155,15.149676,15.58558,15.991693,16.435165,16.859304,17.344667,17.815636,18.13409,18.513992,18.848858,19.19092,19.633732,20.086033,20.491062,20.969023,21.413561,21.778904,22.291737,22.778311,23.253578,23.820841,24.318968,24.715752,"2.2%"
High oil price,"Electricity: End-Use Prices: Residential": High oil price,8-AEO2022.66.highprice-d011222a,"nom cents/kWh",13.214783,13.471059,13.685017,13.832188,14.180895,14.599952,15.076811,15.692607,16.212996,16.755037,17.429985,18.021118,18.696568,19.362776,19.948225,20.576029,21.198343,21.897007,22.723978,23.58412,24.358971,25.22648,25.958624,26.680567,27.563681,28.370382,29.062939,29.919258,30.710714,31.518263,"3.0%"
Low oil price,"Electricity: End-Use Prices: Residential": Low oil price,8-AEO2022.66.lowprice-d011222a,"nom cents/kWh",13.212102,13.409768,13.561679,13.679358,13.999539,14.291843,14.645482,15.044832,15.429577,15.735216,16.154703,16.560766,16.950033,17.386755,17.684015,18.04236,18.34861,18.670488,19.017548,19.377285,19.768492,20.130178,20.507666,20.887478,21.344397,21.82321,22.116713,22.693249,23.112434,23.44799,"2.0%"
Commercial,"Electricity: End-Use Prices: Commercial",8-AEO2022.67.,"nom cents/kWh",,,,,,,,,,,,,,,,,,,,,,,,,,,,,,,
AEO2022 Reference case,"Electricity: End-Use Prices: Commercial": AEO2022 Reference case,8-AEO2022.67.ref2022-d011222a,"nom cents/kWh",11.321513,11.55921,11.466596,11.410515,11.627573,11.879607,12.190562,12.517128,12.844317,13.139431,13.481174,13.771111,14.150116,14.498703,14.699895,14.961001,15.186459,15.40544,15.74691,16.072298,16.332558,16.674614,17.007427,17.220076,17.599224,17.953625,18.261984,18.693121,19.060097,19.314335,"1.9%"
High oil price,"Electricity: End-Use Prices: Commercial": High oil price,8-AEO2022.67.highprice-d011222a,"nom cents/kWh",11.330565,11.50632,11.443747,11.474195,11.75149,12.062921,12.412692,12.925954,13.273934,13.672241,14.220846,14.633485,15.168893,15.664204,16.078941,16.516338,16.962482,17.452065,18.090805,18.729176,19.251684,19.906858,20.399176,20.864548,21.516655,22.069431,22.504097,23.130732,23.68701,24.25144,"2.7%"
Low oil price,"Electricity: End-Use Prices: Commercial": Low oil price,8-AEO2022.67.lowprice-d011222a,"nom cents/kWh",11.326162,11.449938,11.374646,11.45262,11.718826,11.917824,12.178905,12.480552,12.763754,12.95516,13.267237,13.555649,13.849862,14.180099,14.370431,14.638312,14.842303,15.050296,15.310349,15.568567,15.848886,16.089054,16.366997,16.606707,16.948177,17.28722,17.453459,17.905972,18.206247,18.415731,"1.7%"
Industrial,"Electricity: End-Use Prices: Industrial",8-AEO2022.68.,"nom cents/kWh",,,,,,,,,,,,,,,,,,,,,,,,,,,,,,,
AEO2022 Reference case,"Electricity: End-Use Prices: Industrial": AEO2022 Reference case,8-AEO2022.68.ref2022-d011222a,"nom cents/kWh",7.482143,7.594646,7.399859,7.312787,7.399152,7.494628,7.681427,7.908825,8.11078,8.312746,8.5108,8.71053,8.922244,9.129016,9.253359,9.432661,9.572336,9.732812,9.92935,10.133627,10.322934,10.518025,10.700332,10.858216,11.067641,11.283733,11.504007,11.755013,11.986794,12.18664,"1.7%"
High oil price,"Electricity: End-Use Prices: Industrial": High oil price,8-AEO2022.68.highprice-d011222a,"nom cents/kWh",7.489274,7.526887,7.364158,7.333578,7.468458,7.624773,7.850386,8.165789,8.456586,8.734061,9.058001,9.366774,9.67877,9.989,10.266037,10.565395,10.850851,11.193606,11.581124,11.99031,12.352263,12.700587,12.99815,13.317679,13.693421,14.013266,14.313196,14.663187,15.023684,15.39322,"2.5%"
Low oil price,"Electricity: End-Use Prices: Industrial": Low oil price,8-AEO2022.68.lowprice-d011222a,"nom cents/kWh",7.485746,7.531778,7.317414,7.357522,7.477491,7.533273,7.681515,7.874826,8.047035,8.179008,8.36391,8.552513,8.699064,8.896267,9.027538,9.211795,9.332596,9.472362,9.616992,9.775772,9.947372,10.100112,10.259464,10.448086,10.638861,10.847084,10.980597,11.238764,11.433171,11.613709,"1.5%"
Transportation,"Electricity: End-Use Prices: Transportation",8-AEO2022.69.,"nom cents/kWh",,,,,,,,,,,,,,,,,,,,,,,,,,,,,,,
AEO2022 Reference case,"Electricity: End-Use Prices: Transportation": AEO2022 Reference case,8-AEO2022.69.ref2022-d011222a,"nom cents/kWh",13.295882,13.85088,13.606744,13.522537,13.856439,14.313817,14.718246,15.120111,15.50262,15.79356,16.199068,16.598755,17.013535,17.373598,17.60862,17.866535,18.154448,18.4485,18.752853,19.091654,19.419641,19.763971,20.073441,20.38879,20.762594,21.131041,21.480324,21.866888,22.253769,22.61805,"1.8%"
High oil price,"Electricity: End-Use Prices: Transportation": High oil price,8-AEO2022.69.highprice-d011222a,"nom cents/kWh",13.263829,13.729628,13.613105,13.696954,14.144904,14.6868,15.158597,15.700875,16.189232,16.63011,17.239975,17.839731,18.423096,18.948067,19.410225,19.959229,20.526634,21.121412,21.761293,22.415367,23.073509,23.686123,24.182535,24.779112,25.45813,26.127058,26.689228,27.27862,27.870676,28.485622,"2.7%"
Low oil price,"Electricity: End-Use Prices: Transportation": Low oil price,8-AEO2022.69.lowprice-d011222a,"nom cents/kWh",13.324147,13.775848,13.543406,13.557077,13.929987,14.319816,14.662798,15.00606,15.334262,15.545016,15.918359,16.299444,16.639866,16.964615,17.170097,17.404533,17.645136,17.851521,18.084044,18.33692,18.631233,18.903463,19.167957,19.50486,19.891611,20.227623,20.51503,20.872517,21.194975,21.48686,"1.7%"
All Sectors Average,"Electricity: End-Use Prices: All Sectors Average",8-AEO2022.70.,"nom cents/kWh",,,,,,,,,,,,,,,,,,,,,,,,,,,,,,,
AEO2022 Reference case,"Electricity: End-Use Prices: All Sectors Average": AEO2022 Reference case,8-AEO2022.70.ref2022-d011222a,"nom cents/kWh",11.075705,11.275165,11.261218,11.230351,11.433783,11.678803,12.000319,12.347279,12.684714,12.999384,13.344523,13.665394,14.044976,14.40732,14.638948,14.92995,15.180398,15.437293,15.784339,16.132278,16.43331,16.790527,17.128361,17.393517,17.785587,18.159613,18.517956,18.965084,19.355085,19.654915,"2.0%"
High oil price,"Electricity: End-Use Prices: All Sectors Average": High oil price,8-AEO2022.70.highprice-d011222a,"nom cents/kWh",11.084735,11.23139,11.251278,11.28313,11.540829,11.853683,12.223351,12.728046,13.128565,13.548923,14.092181,14.556636,15.097944,15.620418,16.074125,16.559174,17.038803,17.581133,18.230431,18.894947,19.470333,20.112734,20.6336,21.159019,21.827812,22.416302,22.916891,23.562908,24.168276,24.775978,"2.8%"
Low oil price,"Electricity: End-Use Prices: All Sectors Average": Low oil price,8-AEO2022.70.lowprice-d011222a,"nom cents/kWh",11.081171,11.183284,11.178087,11.277846,11.534968,11.733122,12.003582,12.317665,12.616319,12.840558,13.160554,13.469254,13.76265,14.101913,14.322289,14.607387,14.831525,15.068048,15.336768,15.61529,15.914862,16.184418,16.472666,16.763786,17.120432,17.487066,17.704004,18.160412,18.487803,18.746464,"1.8%"
Prices by Service Category,,8-AEO2022.72.,,,,,,,,,,,,,,,,,,,,,,,,,,,,,,,,
(2021 cents per kilowatthour),,8-AEO2022.73.,,,,,,,,,,,,,,,,,,,,,,,,,,,,,,,,
Generation,"Electricity: Prices by Service Category: Generation",8-AEO2022.74.,"2021 cents/kWh",,,,,,,,,,,,,,,,,,,,,,,,,,,,,,,
AEO2022 Reference case,"Electricity: Prices by Service Category: Generation": AEO2022 Reference case,8-AEO2022.74.ref2022-d011222a,"2021 cents/kWh",7.153555,6.486614,6.230208,5.913815,5.732345,5.591929,5.551127,5.537085,5.534772,5.493511,5.479785,5.453983,5.464642,5.457811,5.361654,5.318521,5.248506,5.180437,5.173433,5.150516,5.089967,5.069368,5.035379,4.952266,4.941918,4.919946,4.88832,4.900541,4.89024,4.839647,"-1.3%"
High oil price,"Electricity: Prices by Service Category: Generation": High oil price,8-AEO2022.74.highprice-d011222a,"2021 cents/kWh",7.162113,6.418167,6.114173,5.797093,5.614203,5.476239,5.404299,5.429626,5.38309,5.330768,5.34865,5.296031,5.276119,5.227265,5.129106,5.048142,4.968053,4.915128,4.916329,4.91447,4.862334,4.851577,4.788945,4.731601,4.731317,4.70184,4.644415,4.648738,4.642506,4.641902,"-1.5%"
Low oil price,"Electricity: Prices by Service Category: Generation": Low oil price,8-AEO2022.74.lowprice-d011222a,"2021 cents/kWh",7.160282,6.296062,6.17901,6.028106,5.891506,5.7115,5.641182,5.608516,5.585279,5.489239,5.479375,5.471872,5.45178,5.463859,5.389266,5.373565,5.315869,5.268532,5.239659,5.203051,5.16964,5.11901,5.080189,5.035192,5.024995,5.019824,4.931184,4.979223,4.964821,4.916136,"-1.3%"
Transmission,"Electricity: Prices by Service Category: Transmission",8-AEO2022.75.,"2021 cents/kWh",,,,,,,,,,,,,,,,,,,,,,,,,,,,,,,
AEO2022 Reference case,"Electricity: Prices by Service Category: Transmission": AEO2022 Reference case,8-AEO2022.75.ref2022-d011222a,"2021 cents/kWh",1.401544,1.406893,1.427975,1.456216,1.484057,1.509588,1.531419,1.549685,1.562334,1.575453,1.58465,1.594296,1.608254,1.623215,1.638493,1.649476,1.657684,1.665067,1.671691,1.680557,1.690609,1.691868,1.689193,1.688357,1.68736,1.685913,1.685457,1.685893,1.686018,1.684676,"0.6%"
High oil price,"Electricity: Prices by Service Category: Transmission": High oil price,8-AEO2022.75.highprice-d011222a,"2021 cents/kWh",1.401475,1.41504,1.438054,1.45642,1.47525,1.496679,1.513479,1.526957,1.532491,1.534586,1.538194,1.543104,1.55232,1.563539,1.576193,1.584779,1.587333,1.59078,1.595062,1.601277,1.610111,1.612129,1.610755,1.614027,1.62037,1.6264,1.630501,1.637222,1.645924,1.65464,"0.6%"
Low oil price,"Electricity: Prices by Service Category: Transmission": Low oil price,8-AEO2022.75.lowprice-d011222a,"2021 cents/kWh",1.401556,1.404223,1.424223,1.457668,1.490889,1.518108,1.540299,1.55818,1.573038,1.585863,1.596678,1.606919,1.620163,1.636442,1.654431,1.668386,1.678187,1.68457,1.690164,1.698098,1.708235,1.708477,1.704438,1.70347,1.704346,1.705229,1.703871,1.702383,1.700221,1.697782,"0.7%"
Distribution,"Electricity: Prices by Service Category: Distribution",8-AEO2022.76.,"2021 cents/kWh",,,,,,,,,,,,,,,,,,,,,,,,,,,,,,,
AEO2022 Reference case,"Electricity: Prices by Service Category: Distribution": AEO2022 Reference case,8-AEO2022.76.ref2022-d011222a,"2021 cents/kWh",2.474933,3.111084,3.131343,3.1546,3.249538,3.332256,3.37148,3.406655,3.426547,3.470139,3.509692,3.544612,3.578443,3.606585,3.623679,3.632657,3.638762,3.644081,3.64858,3.656218,3.665475,3.673885,3.682032,3.690279,3.699528,3.704314,3.705924,3.705709,3.692117,3.669272,"1.4%"
High oil price,"Electricity: Prices by Service Category: Distribution": High oil price,8-AEO2022.76.highprice-d011222a,"2021 cents/kWh",2.472436,3.087474,3.143232,3.155794,3.229074,3.295849,3.314445,3.328038,3.3294,3.351969,3.374769,3.39185,3.407273,3.416985,3.416018,3.408513,3.400731,3.397583,3.396109,3.400575,3.409704,3.418492,3.429633,3.446182,3.465709,3.481273,3.492842,3.505198,3.511427,3.513774,"1.2%"
Low oil price,"Electricity: Prices by Service Category: Distribution": Low oil price,8-AEO2022.76.lowprice-d011222a,"2021 cents/kWh",2.474625,3.255993,3.161752,3.156668,3.261668,3.347083,3.390296,3.430496,3.45544,3.503122,3.545385,3.583525,3.619691,3.652094,3.673063,3.685795,3.694163,3.700022,3.70573,3.714652,3.724179,3.73242,3.739857,3.747504,3.75642,3.762637,3.762546,3.760295,3.744816,3.721816,"1.4%"
(nominal cents per kilowatthour),,8-AEO2022.77.,,,,,,,,,,,,,,,,,,,,,,,,,,,,,,,,
Generation,"Electricity: Prices by Service Category: Generation",8-AEO2022.78.,"nom cents/kWh",,,,,,,,,,,,,,,,,,,,,,,,,,,,,,,
AEO2022 Reference case,"Electricity: Prices by Service Category: Generation": AEO2022 Reference case,8-AEO2022.78.ref2022-d011222a,"nom cents/kWh",7.153555,6.643211,6.494042,6.303812,6.25548,6.251921,6.363695,6.507156,6.662738,6.767095,6.905881,7.026069,7.195622,7.347092,7.377481,7.479815,7.544779,7.612824,7.770706,7.911781,7.996106,8.145325,8.276142,8.325385,8.496718,8.652256,8.792493,9.01586,9.203249,9.31657,"0.9%"
High oil price,"Electricity: Prices by Service Category: Generation": High oil price,8-AEO2022.78.highprice-d011222a,"nom cents/kWh",7.162113,6.59114,6.423811,6.276994,6.271539,6.313635,6.447756,6.71028,6.888847,7.059948,7.33564,7.524601,7.771043,7.986897,8.133148,8.311242,8.489668,8.712752,9.032546,9.350911,9.56742,9.860299,10.037799,10.210947,10.502982,10.726936,10.878661,11.168716,11.429489,11.703503,"1.7%"
Low oil price,"Electricity: Prices by Service Category: Generation": Low oil price,8-AEO2022.78.lowprice-d011222a,"nom cents/kWh",7.160282,6.422958,6.408141,6.381616,6.377681,6.328414,6.396979,6.510602,6.629964,6.654193,6.780287,6.903071,7.008295,7.156778,7.192681,7.307016,7.366538,7.441875,7.545867,7.643574,7.750315,7.83483,7.939202,8.037169,8.191663,8.357325,8.383501,8.646087,8.804448,8.902919,"0.8%"
Transmission,"Electricity: Prices by Service Category: Transmission",8-AEO2022.79.,"nom cents/kWh",,,,,,,,,,,,,,,,,,,,,,,,,,,,,,,
AEO2022 Reference case,"Electricity: Prices by Service Category: Transmission": AEO2022 Reference case,8-AEO2022.79.ref2022-d011222a,"nom cents/kWh",1.401544,1.440858,1.488446,1.552249,1.619493,1.687758,1.755587,1.821182,1.880732,1.940697,1.99705,2.053844,2.117685,2.185108,2.254519,2.319775,2.382938,2.446872,2.510947,2.581528,2.65587,2.718449,2.776355,2.838341,2.901104,2.96486,3.031587,3.101653,3.173023,3.243088,"2.9%"
High oil price,"Electricity: Prices by Service Category: Transmission": High oil price,8-AEO2022.79.highprice-d011222a,"nom cents/kWh",1.401475,1.453176,1.510881,1.576986,1.647979,1.725543,1.805701,1.887111,1.961159,2.032371,2.109624,2.192442,2.286367,2.388978,2.499346,2.609174,2.712517,2.81988,2.930535,3.046799,3.168151,3.276476,3.376199,3.483123,3.597035,3.710524,3.819138,3.933469,4.052137,4.1718,"3.8%"
Low oil price,"Electricity: Prices by Service Category: Transmission": Low oil price,8-AEO2022.79.lowprice-d011222a,"nom cents/kWh",1.401556,1.432526,1.477036,1.543151,1.613919,1.682082,1.746666,1.808801,1.867264,1.922423,1.975761,2.027218,2.082729,2.143476,2.208054,2.268684,2.32557,2.379478,2.434081,2.494601,2.560983,2.614887,2.663657,2.719078,2.778397,2.838975,2.89675,2.956074,3.015116,3.074613,"2.7%"
Distribution,"Electricity: Prices by Service Category: Distribution",8-AEO2022.80.,"nom cents/kWh",,,,,,,,,,,,,,,,,,,,,,,,,,,,,,,
AEO2022 Reference case,"Electricity: Prices by Service Category: Distribution": AEO2022 Reference case,8-AEO2022.80.ref2022-d011222a,"nom cents/kWh",2.474933,3.18619,3.263947,3.362635,3.546092,3.725549,3.864994,4.003485,4.124864,4.274637,4.423078,4.56633,4.711951,4.855044,4.986078,5.108864,5.230756,5.355099,5.480315,5.616368,5.758294,5.9031,6.051782,6.203825,6.360657,6.514435,6.665748,6.817646,6.948426,7.063539,"3.7%"
High oil price,"Electricity: Prices by Service Category: Distribution": High oil price,8-AEO2022.80.highprice-d011222a,"nom cents/kWh",2.472436,3.170683,3.302413,3.417041,3.607149,3.799832,3.954395,4.113003,4.260699,4.439272,4.628475,4.81914,5.018473,5.220914,5.41673,5.611763,5.811345,6.022693,6.239515,6.470377,6.709137,6.947711,7.188632,7.436972,7.693477,7.942294,8.181319,8.421331,8.644862,8.859182,"4.5%"
Low oil price,"Electricity: Prices by Service Category: Distribution": Low oil price,8-AEO2022.80.lowprice-d011222a,"nom cents/kWh",2.474625,3.321617,3.278997,3.341786,3.530826,3.708611,3.844522,3.982264,4.101755,4.246572,4.387129,4.520816,4.653133,4.783656,4.902184,5.011973,5.119236,5.226332,5.336787,5.457032,5.583282,5.712604,5.844563,5.981764,6.123653,6.264279,6.396701,6.5295,6.640933,6.740054,"3.5%"
Electric Power Sector Emissions,,8-AEO2022.82.,,,,,,,,,,,,,,,,,,,,,,,,,,,,,,,,
Sulfur Dioxide (million short tons),"Electricity: Electric Power Sector Emissions: Sulfur Dioxide",8-AEO2022.83.,"MMst",,,,,,,,,,,,,,,,,,,,,,,,,,,,,,,
AEO2022 Reference case,"Electricity: Electric Power Sector Emissions: Sulfur Dioxide": AEO2022 Reference case,8-AEO2022.83.ref2022-d011222a,"MMst",0.707829,0.672217,0.692824,0.658584,0.601488,0.59036,0.575206,0.583725,0.565521,0.532227,0.51109,0.500462,0.513995,0.474799,0.473952,0.455162,0.457921,0.454987,0.454416,0.44811,0.447502,0.445246,0.440366,0.445547,0.439677,0.428716,0.427145,0.42734,0.43049,0.417961,"-1.8%"
High oil price,"Electricity: Electric Power Sector Emissions: Sulfur Dioxide": High oil price,8-AEO2022.83.highprice-d011222a,"MMst",0.69915,0.704511,0.705708,0.648779,0.565321,0.531463,0.489271,0.484895,0.482346,0.46838,0.459711,0.458353,0.457334,0.422023,0.413543,0.405683,0.397262,0.393939,0.401999,0.398344,0.399622,0.388902,0.399247,0.400378,0.400745,0.392396,0.381591,0.377192,0.384942,0.379324,"-2.1%"
Low oil price,"Electricity: Electric Power Sector Emissions: Sulfur Dioxide": Low oil price,8-AEO2022.83.lowprice-d011222a,"MMst",0.698447,0.707256,0.728274,0.74639,0.666695,0.672906,0.668511,0.650677,0.631257,0.571577,0.576432,0.559264,0.565705,0.535777,0.527853,0.51025,0.512459,0.506263,0.510671,0.498975,0.49479,0.494187,0.511431,0.507247,0.496092,0.492329,0.490118,0.479677,0.450594,0.459414,"-1.4%"
Nitrogen Oxide (million short tons),"Electricity: Electric Power Sector Emissions: Nitrogen Oxide",8-AEO2022.84.,"MMst",,,,,,,,,,,,,,,,,,,,,,,,,,,,,,,
AEO2022 Reference case,"Electricity: Electric Power Sector Emissions: Nitrogen Oxide": AEO2022 Reference case,8-AEO2022.84.ref2022-d011222a,"MMst",0.85525,0.766802,0.733326,0.639196,0.612082,0.575294,0.600712,0.600445,0.586538,0.535333,0.53075,0.521454,0.516532,0.481703,0.466828,0.461371,0.452391,0.452198,0.451983,0.440629,0.441317,0.439458,0.438223,0.435603,0.431613,0.42959,0.432122,0.432885,0.429697,0.437426,"-2.3%"
High oil price,"Electricity: Electric Power Sector Emissions: Nitrogen Oxide": High oil price,8-AEO2022.84.highprice-d011222a,"MMst",0.85525,0.766653,0.716376,0.585868,0.551535,0.520479,0.508132,0.513039,0.505488,0.497265,0.502632,0.49281,0.477987,0.439785,0.414862,0.407112,0.404489,0.399345,0.397025,0.386954,0.392673,0.393026,0.39353,0.398204,0.394304,0.396121,0.404366,0.402656,0.400799,0.404462,"-2.5%"
Low oil price,"Electricity: Electric Power Sector Emissions: Nitrogen Oxide": Low oil price,8-AEO2022.84.lowprice-d011222a,"MMst",0.85525,0.77518,0.745013,0.651289,0.610528,0.622608,0.625016,0.612037,0.604787,0.563692,0.56381,0.552898,0.539921,0.514814,0.504567,0.499276,0.483763,0.483207,0.478767,0.470929,0.473476,0.468455,0.468481,0.46695,0.458871,0.457875,0.4577,0.459042,0.46072,0.464701,"-2.1%"
Mercury (short tons),"Electricity: Electric Power Sector Emissions: Mercury",8-AEO2022.85.,"st",,,,,,,,,,,,,,,,,,,,,,,,,,,,,,,
AEO2022 Reference case,"Electricity: Electric Power Sector Emissions: Mercury": AEO2022 Reference case,8-AEO2022.85.ref2022-d011222a,"st",4.347956,4.196954,4.064054,3.514944,3.454752,3.52159,3.553863,3.536201,3.427229,3.392733,3.375415,3.320266,3.366068,3.19209,3.141999,3.041342,2.99105,2.990051,2.995575,2.94768,2.944032,2.927268,2.893134,2.864212,2.826355,2.799371,2.868133,2.838693,2.888412,2.82396,"-1.5%"
High oil price,"Electricity: Electric Power Sector Emissions: Mercury": High oil price,8-AEO2022.85.highprice-d011222a,"st",4.377943,4.218855,3.784863,3.323695,3.084421,3.123732,2.996968,3.077553,3.046213,3.039523,3.068336,3.023281,3.002723,2.74871,2.746573,2.650214,2.57142,2.585475,2.624035,2.602763,2.599914,2.54164,2.572729,2.55669,2.575616,2.532593,2.546245,2.551841,2.456088,2.445713,"-2.0%"
Low oil price,"Electricity: Electric Power Sector Emissions: Mercury": Low oil price,8-AEO2022.85.lowprice-d011222a,"st",4.375381,4.247606,4.082812,3.951406,3.714887,3.741022,3.787677,3.717278,3.603023,3.586904,3.594279,3.552807,3.541576,3.439471,3.388446,3.33331,3.304698,3.265122,3.281983,3.238849,3.226374,3.190521,3.104522,3.090026,3.054075,3.061468,3.106475,3.064456,3.121213,3.125887,"-1.2%"