HWFET,
seconds,mph
0,0
0.1,0
0.2,0
0.3,0
0.4,0
0.5,0
0.6,0
0.7,0
0.8,0
0.9,0
1,0
1.1,0
1.2,0
1.3,0
1.4,0
1.5,0
1.6,0
1.7,0
1.8,0
1.9,0
2,0
2.1,0.2
2.2,0.4
2.3,0.6
2.4,0.8
2.5,1
2.6,1.2
2.7,1.4
2.8,1.6
2.9,1.8
3,2
3.1,2.29
3.2,2.58
3.3,2.87
3.4,3.16
3.5,3.45
3.6,3.74
3.7,4.03
3.8,4.32
3.9,4.61
4,4.9
4.1,5.22
4.2,5.54
4.3,5.86
4.4,6.18
4.5,6.5
4.6,6.82
4.7,7.14
4.8,7.46
4.9,7.78
5,8.1
5.1,8.42
5.2,8.74
5.3,9.06
5.4,9.38
5.5,9.7
5.6,10.02
5.7,10.34
5.8,10.66
5.9,10.98
6,11.3
6.1,11.62
6.2,11.94
6.3,12.26
6.4,12.58
6.5,12.9
6.6,13.22
6.7,13.54
6.8,13.86
6.9,14.18
7,14.5
7.1,14.78
7.2,15.06
7.3,15.34
7.4,15.62
7.5,15.9
7.6,16.18
7.7,16.46
7.8,16.74
7.9,17.02
8,17.3
8.1,17.53
8.2,17.76
8.3,17.99
8.4,18.22
8.5,18.45
8.6,18.68
8.7,18.91
8.8,19.14
8.9,19.37
9,19.6
9.1,19.82
9.2,20.04
9.3,20.26
9.4,20.48
9.5,20.7
9.6,20.92
9.7,21.14
9.8,21.36
9.9,21.58
10,21.8
10.1,22.02
10.2,22.24
10.3,22.46
10.4,22.68
10.5,22.9
10.6,23.12
10.7,23.34
10.8,23.56
10.9,23.78
11,24
11.1,24.18
11.2,24.36
11.3,24.54
11.4,24.72
11.5,24.9
11.6,25.08
11.7,25.26
11.8,25.44
11.9,25.62
12,25.8
12.1,25.93
12.2,26.06
12.3,26.19
12.4,26.32
12.5,26.45
12.6,26.58
12.7,26.71
12.8,26.84
12.9,26.97
13,27.1
13.1,27.19
13.2,27.28
13.3,27.37
13.4,27.46
13.5,27.55
13.6,27.64
13.7,27.73
13.8,27.82
13.9,27.91
14,28
14.1,28.1
14.2,28.2
14.3,28.3
14.4,28.4
14.5,28.5
14.6,28.6
14.7,28.7
14.8,28.8
14.9,28.9
15,29
15.1,29.1
15.2,29.2
15.3,29.3
15.4,29.4
15.5,29.5
15.6,29.6
15.7,29.7
15.8,29.8
15.9,29.9
16,30
16.1,30.07
16.2,30.14
16.3,30.21
16.4,30.28
16.5,30.35
16.6,30.42
16.7,30.49
16.8,30.56
16.9,30.63
17,30.7
17.1,30.78
17.2,30.86
17.3,30.94
17.4,31.02
17.5,31.1
17.6,31.18
17.7,31.26
17.8,31.34
17.9,31.42
18,31.5
18.1,31.57
18.2,31.64
18.3,31.71
18.4,31.78
18.5,31.85
18.6,31.92
18.7,31.99
18.8,32.06
18.9,32.13
19,32.2
19.1,32.27
19.2,32.34
19.3,32.41
19.4,32.48
19.5,32.55
19.6,32.62
19.7,32.69
19.8,32.76
19.9,32.83
20,32.9
20.1,32.96
20.2,33.02
20.3,33.08
20.4,33.14
20.5,33.2
20.6,33.26
20.7,33.32
20.8,33.38
20.9,33.44
21,33.5
21.1,33.56
21.2,33.62
21.3,33.68
21.4,33.74
21.5,33.8
21.6,33.86
21.7,33.92
21.8,33.98
21.9,34.04
22,34.1
22.1,34.15
22.2,34.2
22.3,34.25
22.4,34.3
22.5,34.35
22.6,34.4
22.7,34.45
22.8,34.5
22.9,34.55
23,34.6
23.1,34.63
23.2,34.66
23.3,34.69
23.4,34.72
23.5,34.75
23.6,34.78
23.7,34.81
23.8,34.84
23.9,34.87
24,34.9
24.1,34.92
24.2,34.94
24.3,34.96
24.4,34.98
24.5,35
24.6,35.02
24.7,35.04
24.8,35.06
24.9,35.08
25,35.1
25.1,35.16
25.2,35.22
25.3,35.28
25.4,35.34
25.5,35.4
25.6,35.46
25.7,35.52
25.8,35.58
25.9,35.64
26,35.7
26.1,35.72
26.2,35.74
26.3,35.76
26.4,35.78
26.5,35.8
26.6,35.82
26.7,35.84
26.8,35.86
26.9,35.88
27,35.9
27.1,35.89
27.2,35.88
27.3,35.87
27.4,35.86
27.5,35.85
27.6,35.84
27.7,35.83
27.8,35.82
27.9,35.81
28,35.8
28.1,35.75
28.2,35.7
28.3,35.65
28.4,35.6
28.5,35.55
28.6,35.5
28.7,35.45
28.8,35.4
28.9,35.35
29,35.3
29.1,35.26
29.2,35.22
29.3,35.18
29.4,35.14
29.5,35.1
29.6,35.06
29.7,35.02
29.8,34.98
29.9,34.94
30,34.9
30.1,34.86
30.2,34.82
30.3,34.78
30.4,34.74
30.5,34.7
30.6,34.66
30.7,34.62
30.8,34.58
30.9,34.54
31,34.5
31.1,34.51
31.2,34.52
31.3,34.53
31.4,34.54
31.5,34.55
31.6,34.56
31.7,34.57
31.8,34.58
31.9,34.59
32,34.6
32.1,34.62
32.2,34.64
32.3,34.66
32.4,34.68
32.5,34.7
32.6,34.72
32.7,34.74
32.8,34.76
32.9,34.78
33,34.8
33.1,34.83
33.2,34.86
33.3,34.89
33.4,34.92
33.5,34.95
33.6,34.98
33.7,35.01
33.8,35.04
33.9,35.07
34,35.1
34.1,35.16
34.2,35.22
34.3,35.28
34.4,35.34
34.5,35.4
34.6,35.46
34.7,35.52
34.8,35.58
34.9,35.64
35,35.7
35.1,35.74
35.2,35.78
35.3,35.82
35.4,35.86
35.5,35.9
35.6,35.94
35.7,35.98
35.8,36.02
35.9,36.06
36,36.1
36.1,36.11
36.2,36.12
36.3,36.13
36.4,36.14
36.5,36.15
36.6,36.16
36.7,36.17
36.8,36.18
36.9,36.19
37,36.2
37.1,36.23
37.2,36.26
37.3,36.29
37.4,36.32
37.5,36.35
37.6,36.38
37.7,36.41
37.8,36.44
37.9,36.47
38,36.5
38.1,36.52
38.2,36.54
38.3,36.56
38.4,36.58
38.5,36.6
38.6,36.62
38.7,36.64
38.8,36.66
38.9,36.68
39,36.7
39.1,36.72
39.2,36.74
39.3,36.76
39.4,36.78
39.5,36.8
39.6,36.82
39.7,36.84
39.8,36.86
39.9,36.88
40,36.9
40.1,36.91
40.2,36.92
40.3,36.93
40.4,36.94
40.5,36.95
40.6,36.96
40.7,36.97
40.8,36.98
40.9,36.99
41,37
41.1,37
41.2,37
41.3,37
41.4,37
41.5,37
41.6,37
41.7,37
41.8,37
41.9,37
42,37
42.1,37
42.2,37
42.3,37
42.4,37
42.5,37
42.6,37
42.7,37
42.8,37
42.9,37
43,37
43.1,37
43.2,37
43.3,37
43.4,37
43.5,37
43.6,37
43.7,37
43.8,37
43.9,37
44,37
44.1,37
44.2,37
44.3,37
44.4,37
44.5,37
44.6,37
44.7,37
44.8,37
44.9,37
45,37
45.1,37
45.2,37
45.3,37
45.4,37
45.5,37
45.6,37
45.7,37
45.8,37
45.9,37
46,37
46.1,37.01
46.2,37.02
46.3,37.03
46.4,37.04
46.5,37.05
46.6,37.06
46.7,37.07
46.8,37.08
46.9,37.09
47,37.1
47.1,37.12
47.2,37.14
47.3,37.16
47.4,37.18
47.5,37.2
47.6,37.22
47.7,37.24
47.8,37.26
47.9,37.28
48,37.3
48.1,37.35
48.2,37.4
48.3,37.45
48.4,37.5
48.5,37.55
48.6,37.6
48.7,37.65
48.8,37.7
48.9,37.75
49,37.8
49.1,37.88
49.2,37.96
49.3,38.04
49.4,38.12
49.5,38.2
49.6,38.28
49.7,38.36
49.8,38.44
49.9,38.52
50,38.6
50.1,38.67
50.2,38.74
50.3,38.81
50.4,38.88
50.5,38.95
50.6,39.02
50.7,39.09
50.8,39.16
50.9,39.23
51,39.3
51.1,39.37
51.2,39.44
51.3,39.51
51.4,39.58
51.5,39.65
51.6,39.72
51.7,39.79
51.8,39.86
51.9,39.93
52,40
52.1,40.07
52.2,40.14
52.3,40.21
52.4,40.28
52.5,40.35
52.6,40.42
52.7,40.49
52.8,40.56
52.9,40.63
53,40.7
53.1,40.77
53.2,40.84
53.3,40.91
53.4,40.98
53.5,41.05
53.6,41.12
53.7,41.19
53.8,41.26
53.9,41.33
54,41.4
54.1,41.48
54.2,41.56
54.3,41.64
54.4,41.72
54.5,41.8
54.6,41.88
54.7,41.96
54.8,42.04
54.9,42.12
55,42.2
55.1,42.27
55.2,42.34
55.3,42.41
55.4,42.48
55.5,42.55
55.6,42.62
55.7,42.69
55.8,42.76
55.9,42.83
56,42.9
56.1,42.96
56.2,43.02
56.3,43.08
56.4,43.14
56.5,43.2
56.6,43.26
56.7,43.32
56.8,43.38
56.9,43.44
57,43.5
57.1,43.55
57.2,43.6
57.3,43.65
57.4,43.7
57.5,43.75
57.6,43.8
57.7,43.85
57.8,43.9
57.9,43.95
58,44
58.1,44.03
58.2,44.06
58.3,44.09
58.4,44.12
58.5,44.15
58.6,44.18
58.7,44.21
58.8,44.24
58.9,44.27
59,44.3
59.1,44.32
59.2,44.34
59.3,44.36
59.4,44.38
59.5,44.4
59.6,44.42
59.7,44.44
59.8,44.46
59.9,44.48
60,44.5
60.1,44.53
60.2,44.56
60.3,44.59
60.4,44.62
60.5,44.65
60.6,44.68
60.7,44.71
60.8,44.74
60.9,44.77
61,44.8
61.1,44.81
61.2,44.82
61.3,44.83
61.4,44.84
61.5,44.85
61.6,44.86
61.7,44.87
61.8,44.88
61.9,44.89
62,44.9
62.1,44.91
62.2,44.92
62.3,44.93
62.4,44.94
62.5,44.95
62.6,44.96
62.7,44.97
62.8,44.98
62.9,44.99
63,45
63.1,45.01
63.2,45.02
63.3,45.03
63.4,45.04
63.5,45.05
63.6,45.06
63.7,45.07
63.8,45.08
63.9,45.09
64,45.1
64.1,45.13
64.2,45.16
64.3,45.19
64.4,45.22
64.5,45.25
64.6,45.28
64.7,45.31
64.8,45.34
64.9,45.37
65,45.4
65.1,45.43
65.2,45.46
65.3,45.49
65.4,45.52
65.5,45.55
65.6,45.58
65.7,45.61
65.8,45.64
65.9,45.67
66,45.7
66.1,45.73
66.2,45.76
66.3,45.79
66.4,45.82
66.5,45.85
66.6,45.88
66.7,45.91
66.8,45.94
66.9,45.97
67,46
67.1,46.03
67.2,46.06
67.3,46.09
67.4,46.12
67.5,46.15
67.6,46.18
67.7,46.21
67.8,46.24
67.9,46.27
68,46.3
68.1,46.32
68.2,46.34
68.3,46.36
68.4,46.38
68.5,46.4
68.6,46.42
68.7,46.44
68.8,46.46
68.9,46.48
69,46.5
69.1,46.53
69.2,46.56
69.3,46.59
69.4,46.62
69.5,46.65
69.6,46.68
69.7,46.71
69.8,46.74
69.9,46.77
70,46.8
70.1,46.81
70.2,46.82
70.3,46.83
70.4,46.84
70.5,46.85
70.6,46.86
70.7,46.87
70.8,46.88
70.9,46.89
71,46.9
71.1,46.91
71.2,46.92
71.3,46.93
71.4,46.94
71.5,46.95
71.6,46.96
71.7,46.97
71.8,46.98
71.9,46.99
72,47
72.1,47.01
72.2,47.02
72.3,47.03
72.4,47.04
72.5,47.05
72.6,47.06
72.7,47.07
72.8,47.08
72.9,47.09
73,47.1
73.1,47.11
73.2,47.12
73.3,47.13
73.4,47.14
73.5,47.15
73.6,47.16
73.7,47.17
73.8,47.18
73.9,47.19
74,47.2
74.1,47.21
74.2,47.22
74.3,47.23
74.4,47.24
74.5,47.25
74.6,47.26
74.7,47.27
74.8,47.28
74.9,47.29
75,47.3
75.1,47.29
75.2,47.28
75.3,47.27
75.4,47.26
75.5,47.25
75.6,47.24
75.7,47.23
75.8,47.22
75.9,47.21
76,47.2
76.1,47.19
76.2,47.18
76.3,47.17
76.4,47.16
76.5,47.15
76.6,47.14
76.7,47.13
76.8,47.12
76.9,47.11
77,47.1
77.1,47.09
77.2,47.08
77.3,47.07
77.4,47.06
77.5,47.05
77.6,47.04
77.7,47.03
77.8,47.02
77.9,47.01
78,47
78.1,46.99
78.2,46.98
78.3,46.97
78.4,46.96
78.5,46.95
78.6,46.94
78.7,46.93
78.8,46.92
78.9,46.91
79,46.9
79.1,46.9
79.2,46.9
79.3,46.9
79.4,46.9
79.5,46.9
79.6,46.9
79.7,46.9
79.8,46.9
79.9,46.9
80,46.9
80.1,46.9
80.2,46.9
80.3,46.9
80.4,46.9
80.5,46.9
80.6,46.9
80.7,46.9
80.8,46.9
80.9,46.9
81,46.9
81.1,46.91
81.2,46.92
81.3,46.93
81.4,46.94
81.5,46.95
81.6,46.96
81.7,46.97
81.8,46.98
81.9,46.99
82,47
82.1,47.01
82.2,47.02
82.3,47.03
82.4,47.04
82.5,47.05
82.6,47.06
82.7,47.07
82.8,47.08
82.9,47.09
83,47.1
83.1,47.1
83.2,47.1
83.3,47.1
83.4,47.1
83.5,47.1
83.6,47.1
83.7,47.1
83.8,47.1
83.9,47.1
84,47.1
84.1,47.11
84.2,47.12
84.3,47.13
84.4,47.14
84.5,47.15
84.6,47.16
84.7,47.17
84.8,47.18
84.9,47.19
85,47.2
85.1,47.19
85.2,47.18
85.3,47.17
85.4,47.16
85.5,47.15
85.6,47.14
85.7,47.13
85.8,47.12
85.9,47.11
86,47.1
86.1,47.09
86.2,47.08
86.3,47.07
86.4,47.06
86.5,47.05
86.6,47.04
86.7,47.03
86.8,47.02
86.9,47.01
87,47
87.1,46.99
87.2,46.98
87.3,46.97
87.4,46.96
87.5,46.95
87.6,46.94
87.7,46.93
87.8,46.92
87.9,46.91
88,46.9
88.1,46.86
88.2,46.82
88.3,46.78
88.4,46.74
88.5,46.7
88.6,46.66
88.7,46.62
88.8,46.58
88.9,46.54
89,46.5
89.1,46.48
89.2,46.46
89.3,46.44
89.4,46.42
89.5,46.4
89.6,46.38
89.7,46.36
89.8,46.34
89.9,46.32
90,46.3
90.1,46.29
90.2,46.28
90.3,46.27
90.4,46.26
90.5,46.25
90.6,46.24
90.7,46.23
90.8,46.22
90.9,46.21
91,46.2
91.1,46.21
91.2,46.22
91.3,46.23
91.4,46.24
91.5,46.25
91.6,46.26
91.7,46.27
91.8,46.28
91.9,46.29
92,46.3
92.1,46.32
92.2,46.34
92.3,46.36
92.4,46.38
92.5,46.4
92.6,46.42
92.7,46.44
92.8,46.46
92.9,46.48
93,46.5
93.1,46.54
93.2,46.58
93.3,46.62
93.4,46.66
93.5,46.7
93.6,46.74
93.7,46.78
93.8,46.82
93.9,46.86
94,46.9
94.1,46.92
94.2,46.94
94.3,46.96
94.4,46.98
94.5,47
94.6,47.02
94.7,47.04
94.8,47.06
94.9,47.08
95,47.1
95.1,47.13
95.2,47.16
95.3,47.19
95.4,47.22
95.5,47.25
95.6,47.28
95.7,47.31
95.8,47.34
95.9,47.37
96,47.4
96.1,47.43
96.2,47.46
96.3,47.49
96.4,47.52
96.5,47.55
96.6,47.58
96.7,47.61
96.8,47.64
96.9,47.67
97,47.7
97.1,47.73
97.2,47.76
97.3,47.79
97.4,47.82
97.5,47.85
97.6,47.88
97.7,47.91
97.8,47.94
97.9,47.97
98,48
98.1,48.02
98.2,48.04
98.3,48.06
98.4,48.08
98.5,48.1
98.6,48.12
98.7,48.14
98.8,48.16
98.9,48.18
99,48.2
99.1,48.23
99.2,48.26
99.3,48.29
99.4,48.32
99.5,48.35
99.6,48.38
99.7,48.41
99.8,48.44
99.9,48.47
100,48.5
100.1,48.53
100.2,48.56
100.3,48.59
100.4,48.62
100.5,48.65
100.6,48.68
100.7,48.71
100.8,48.74
100.9,48.77
101,48.8
101.1,48.83
101.2,48.86
101.3,48.89
101.4,48.92
101.5,48.95
101.6,48.98
101.7,49.01
101.8,49.04
101.9,49.07
102,49.1
102.1,49.11
102.2,49.12
102.3,49.13
102.4,49.14
102.5,49.15
102.6,49.16
102.7,49.17
102.8,49.18
102.9,49.19
103,49.2
103.1,49.19
103.2,49.18
103.3,49.17
103.4,49.16
103.5,49.15
103.6,49.14
103.7,49.13
103.8,49.12
103.9,49.11
104,49.1
104.1,49.1
104.2,49.1
104.3,49.1
104.4,49.1
104.5,49.1
104.6,49.1
104.7,49.1
104.8,49.1
104.9,49.1
105,49.1
105.1,49.09
105.2,49.08
105.3,49.07
105.4,49.06
105.5,49.05
105.6,49.04
105.7,49.03
105.8,49.02
105.9,49.01
106,49
106.1,49
106.2,49
106.3,49
106.4,49
106.5,49
106.6,49
106.7,49
106.8,49
106.9,49
107,49
107.1,49.01
107.2,49.02
107.3,49.03
107.4,49.04
107.5,49.05
107.6,49.06
107.7,49.07
107.8,49.08
107.9,49.09
108,49.1
108.1,49.11
108.2,49.12
108.3,49.13
108.4,49.14
108.5,49.15
108.6,49.16
108.7,49.17
108.8,49.18
108.9,49.19
109,49.2
109.1,49.21
109.2,49.22
109.3,49.23
109.4,49.24
109.5,49.25
109.6,49.26
109.7,49.27
109.8,49.28
109.9,49.29
110,49.3
110.1,49.31
110.2,49.32
110.3,49.33
110.4,49.34
110.5,49.35
110.6,49.36
110.7,49.37
110.8,49.38
110.9,49.39
111,49.4
111.1,49.41
111.2,49.42
111.3,49.43
111.4,49.44
111.5,49.45
111.6,49.46
111.7,49.47
111.8,49.48
111.9,49.49
112,49.5
112.1,49.5
112.2,49.5
112.3,49.5
112.4,49.5
112.5,49.5
112.6,49.5
112.7,49.5
112.8,49.5
112.9,49.5
113,49.5
113.1,49.5
113.2,49.5
113.3,49.5
113.4,49.5
113.5,49.5
113.6,49.5
113.7,49.5
113.8,49.5
113.9,49.5
114,49.5
114.1,49.49
114.2,49.48
114.3,49.47
114.4,49.46
114.5,49.45
114.6,49.44
114.7,49.43
114.8,49.42
114.9,49.41
115,49.4
115.1,49.37
115.2,49.34
115.3,49.31
115.4,49.28
115.5,49.25
115.6,49.22
115.7,49.19
115.8,49.16
115.9,49.13
116,49.1
116.1,49.08
116.2,49.06
116.3,49.04
116.4,49.02
116.5,49
116.6,48.98
116.7,48.96
116.8,48.94
116.9,48.92
117,48.9
117.1,48.87
117.2,48.84
117.3,48.81
117.4,48.78
117.5,48.75
117.6,48.72
117.7,48.69
117.8,48.66
117.9,48.63
118,48.6
118.1,48.58
118.2,48.56
118.3,48.54
118.4,48.52
118.5,48.5
118.6,48.48
118.7,48.46
118.8,48.44
118.9,48.42
119,48.4
119.1,48.37
119.2,48.34
119.3,48.31
119.4,48.28
119.5,48.25
119.6,48.22
119.7,48.19
119.8,48.16
119.9,48.13
120,48.1
120.1,48.06
120.2,48.02
120.3,47.98
120.4,47.94
120.5,47.9
120.6,47.86
120.7,47.82
120.8,47.78
120.9,47.74
121,47.7
121.1,47.67
121.2,47.64
121.3,47.61
121.4,47.58
121.5,47.55
121.6,47.52
121.7,47.49
121.8,47.46
121.9,47.43
122,47.4
122.1,47.39
122.2,47.38
122.3,47.37
122.4,47.36
122.5,47.35
122.6,47.34
122.7,47.33
122.8,47.32
122.9,47.31
123,47.3
123.1,47.32
123.2,47.34
123.3,47.36
123.4,47.38
123.5,47.4
123.6,47.42
123.7,47.44
123.8,47.46
123.9,47.48
124,47.5
124.1,47.53
124.2,47.56
124.3,47.59
124.4,47.62
124.5,47.65
124.6,47.68
124.7,47.71
124.8,47.74
124.9,47.77
125,47.8
125.1,47.81
125.2,47.82
125.3,47.83
125.4,47.84
125.5,47.85
125.6,47.86
125.7,47.87
125.8,47.88
125.9,47.89
126,47.9
126.1,47.91
126.2,47.92
126.3,47.93
126.4,47.94
126.5,47.95
126.6,47.96
126.7,47.97
126.8,47.98
126.9,47.99
127,48
127.1,47.99
127.2,47.98
127.3,47.97
127.4,47.96
127.5,47.95
127.6,47.94
127.7,47.93
127.8,47.92
127.9,47.91
128,47.9
128.1,47.9
128.2,47.9
128.3,47.9
128.4,47.9
128.5,47.9
128.6,47.9
128.7,47.9
128.8,47.9
128.9,47.9
129,47.9
129.1,47.9
129.2,47.9
129.3,47.9
129.4,47.9
129.5,47.9
129.6,47.9
129.7,47.9
129.8,47.9
129.9,47.9
130,47.9
130.1,47.91
130.2,47.92
130.3,47.93
130.4,47.94
130.5,47.95
130.6,47.96
130.7,47.97
130.8,47.98
130.9,47.99
131,48
131.1,48
131.2,48
131.3,48
131.4,48
131.5,48
131.6,48
131.7,48
131.8,48
131.9,48
132,48
132.1,48
132.2,48
132.3,48
132.4,48
132.5,48
132.6,48
132.7,48
132.8,48
132.9,48
133,48
133.1,47.99
133.2,47.98
133.3,47.97
133.4,47.96
133.5,47.95
133.6,47.94
133.7,47.93
133.8,47.92
133.9,47.91
134,47.9
134.1,47.84
134.2,47.78
134.3,47.72
134.4,47.66
134.5,47.6
134.6,47.54
134.7,47.48
134.8,47.42
134.9,47.36
135,47.3
135.1,47.17
135.2,47.04
135.3,46.91
135.4,46.78
135.5,46.65
135.6,46.52
135.7,46.39
135.8,46.26
135.9,46.13
136,46
136.1,45.73
136.2,45.46
136.3,45.19
136.4,44.92
136.5,44.65
136.6,44.38
136.7,44.11
136.8,43.84
136.9,43.57
137,43.3
137.1,43.09
137.2,42.88
137.3,42.67
137.4,42.46
137.5,42.25
137.6,42.04
137.7,41.83
137.8,41.62
137.9,41.41
138,41.2
138.1,41.03
138.2,40.86
138.3,40.69
138.4,40.52
138.5,40.35
138.6,40.18
138.7,40.01
138.8,39.84
138.9,39.67
139,39.5
139.1,39.47
139.2,39.44
139.3,39.41
139.4,39.38
139.5,39.35
139.6,39.32
139.7,39.29
139.8,39.26
139.9,39.23
140,39.2
140.1,39.18
140.2,39.16
140.3,39.14
140.4,39.12
140.5,39.1
140.6,39.08
140.7,39.06
140.8,39.04
140.9,39.02
141,39
141.1,39
141.2,39
141.3,39
141.4,39
141.5,39
141.6,39
141.7,39
141.8,39
141.9,39
142,39
142.1,39.01
142.2,39.02
142.3,39.03
142.4,39.04
142.5,39.05
142.6,39.06
142.7,39.07
142.8,39.08
142.9,39.09
143,39.1
143.1,39.14
143.2,39.18
143.3,39.22
143.4,39.26
143.5,39.3
143.6,39.34
143.7,39.38
143.8,39.42
143.9,39.46
144,39.5
144.1,39.56
144.2,39.62
144.3,39.68
144.4,39.74
144.5,39.8
144.6,39.86
144.7,39.92
144.8,39.98
144.9,40.04
145,40.1
145.1,40.19
145.2,40.28
145.3,40.37
145.4,40.46
145.5,40.55
145.6,40.64
145.7,40.73
145.8,40.82
145.9,40.91
146,41
146.1,41.1
146.2,41.2
146.3,41.3
146.4,41.4
146.5,41.5
146.6,41.6
146.7,41.7
146.8,41.8
146.9,41.9
147,42
147.1,42.11
147.2,42.22
147.3,42.33
147.4,42.44
147.5,42.55
147.6,42.66
147.7,42.77
147.8,42.88
147.9,42.99
148,43.1
148.1,43.16
148.2,43.22
148.3,43.28
148.4,43.34
148.5,43.4
148.6,43.46
148.7,43.52
148.8,43.58
148.9,43.64
149,43.7
149.1,43.74
149.2,43.78
149.3,43.82
149.4,43.86
149.5,43.9
149.6,43.94
149.7,43.98
149.8,44.02
149.9,44.06
150,44.1
150.1,44.12
150.2,44.14
150.3,44.16
150.4,44.18
150.5,44.2
150.6,44.22
150.7,44.24
150.8,44.26
150.9,44.28
151,44.3
151.1,44.31
151.2,44.32
151.3,44.33
151.4,44.34
151.5,44.35
151.6,44.36
151.7,44.37
151.8,44.38
151.9,44.39
152,44.4
152.1,44.42
152.2,44.44
152.3,44.46
152.4,44.48
152.5,44.5
152.6,44.52
152.7,44.54
152.8,44.56
152.9,44.58
153,44.6
153.1,44.61
153.2,44.62
153.3,44.63
153.4,44.64
153.5,44.65
153.6,44.66
153.7,44.67
153.8,44.68
153.9,44.69
154,44.7
154.1,44.72
154.2,44.74
154.3,44.76
154.4,44.78
154.5,44.8
154.6,44.82
154.7,44.84
154.8,44.86
154.9,44.88
155,44.9
155.1,44.93
155.2,44.96
155.3,44.99
155.4,45.02
155.5,45.05
155.6,45.08
155.7,45.11
155.8,45.14
155.9,45.17
156,45.2
156.1,45.25
156.2,45.3
156.3,45.35
156.4,45.4
156.5,45.45
156.6,45.5
156.7,45.55
156.8,45.6
156.9,45.65
157,45.7
157.1,45.72
157.2,45.74
157.3,45.76
157.4,45.78
157.5,45.8
157.6,45.82
157.7,45.84
157.8,45.86
157.9,45.88
158,45.9
158.1,45.94
158.2,45.98
158.3,46.02
158.4,46.06
158.5,46.1
158.6,46.14
158.7,46.18
158.8,46.22
158.9,46.26
159,46.3
159.1,46.35
159.2,46.4
159.3,46.45
159.4,46.5
159.5,46.55
159.6,46.6
159.7,46.65
159.8,46.7
159.9,46.75
160,46.8
160.1,46.81
160.2,46.82
160.3,46.83
160.4,46.84
160.5,46.85
160.6,46.86
160.7,46.87
160.8,46.88
160.9,46.89
161,46.9
161.1,46.91
161.2,46.92
161.3,46.93
161.4,46.94
161.5,46.95
161.6,46.96
161.7,46.97
161.8,46.98
161.9,46.99
162,47
162.1,47.01
162.2,47.02
162.3,47.03
162.4,47.04
162.5,47.05
162.6,47.06
162.7,47.07
162.8,47.08
162.9,47.09
163,47.1
163.1,47.15
163.2,47.2
163.3,47.25
163.4,47.3
163.5,47.35
163.6,47.4
163.7,47.45
163.8,47.5
163.9,47.55
164,47.6
164.1,47.63
164.2,47.66
164.3,47.69
164.4,47.72
164.5,47.75
164.6,47.78
164.7,47.81
164.8,47.84
164.9,47.87
165,47.9
165.1,47.91
165.2,47.92
165.3,47.93
165.4,47.94
165.5,47.95
165.6,47.96
165.7,47.97
165.8,47.98
165.9,47.99
166,48
166.1,48
166.2,48
166.3,48
166.4,48
166.5,48
166.6,48
166.7,48
166.8,48
166.9,48
167,48
167.1,47.99
167.2,47.98
167.3,47.97
167.4,47.96
167.5,47.95
167.6,47.94
167.7,47.93
167.8,47.92
167.9,47.91
168,47.9
168.1,47.89
168.2,47.88
168.3,47.87
168.4,47.86
168.5,47.85
168.6,47.84
168.7,47.83
168.8,47.82
168.9,47.81
169,47.8
169.1,47.75
169.2,47.7
169.3,47.65
169.4,47.6
169.5,47.55
169.6,47.5
169.7,47.45
169.8,47.4
169.9,47.35
170,47.3
170.1,47.24
170.2,47.18
170.3,47.12
170.4,47.06
170.5,47
170.6,46.94
170.7,46.88
170.8,46.82
170.9,46.76
171,46.7
171.1,46.65
171.2,46.6
171.3,46.55
171.4,46.5
171.5,46.45
171.6,46.4
171.7,46.35
171.8,46.3
171.9,46.25
172,46.2
172.1,46.17
172.2,46.14
172.3,46.11
172.4,46.08
172.5,46.05
172.6,46.02
172.7,45.99
172.8,45.96
172.9,45.93
173,45.9
173.1,45.88
173.2,45.86
173.3,45.84
173.4,45.82
173.5,45.8
173.6,45.78
173.7,45.76
173.8,45.74
173.9,45.72
174,45.7
174.1,45.68
174.2,45.66
174.3,45.64
174.4,45.62
174.5,45.6
174.6,45.58
174.7,45.56
174.8,45.54
174.9,45.52
175,45.5
175.1,45.49
175.2,45.48
175.3,45.47
175.4,45.46
175.5,45.45
175.6,45.44
175.7,45.43
175.8,45.42
175.9,45.41
176,45.4
176.1,45.39
176.2,45.38
176.3,45.37
176.4,45.36
176.5,45.35
176.6,45.34
176.7,45.33
176.8,45.32
176.9,45.31
177,45.3
177.1,45.27
177.2,45.24
177.3,45.21
177.4,45.18
177.5,45.15
177.6,45.12
177.7,45.09
177.8,45.06
177.9,45.03
178,45
178.1,44.9
178.2,44.8
178.3,44.7
178.4,44.6
178.5,44.5
178.6,44.4
178.7,44.3
178.8,44.2
178.9,44.1
179,44
179.1,43.91
179.2,43.82
179.3,43.73
179.4,43.64
179.5,43.55
179.6,43.46
179.7,43.37
179.8,43.28
179.9,43.19
180,43.1
180.1,43.01
180.2,42.92
180.3,42.83
180.4,42.74
180.5,42.65
180.6,42.56
180.7,42.47
180.8,42.38
180.9,42.29
181,42.2
181.1,42.13
181.2,42.06
181.3,41.99
181.4,41.92
181.5,41.85
181.6,41.78
181.7,41.71
181.8,41.64
181.9,41.57
182,41.5
182.1,41.5
182.2,41.5
182.3,41.5
182.4,41.5
182.5,41.5
182.6,41.5
182.7,41.5
182.8,41.5
182.9,41.5
183,41.5
183.1,41.56
183.2,41.62
183.3,41.68
183.4,41.74
183.5,41.8
183.6,41.86
183.7,41.92
183.8,41.98
183.9,42.04
184,42.1
184.1,42.18
184.2,42.26
184.3,42.34
184.4,42.42
184.5,42.5
184.6,42.58
184.7,42.66
184.8,42.74
184.9,42.82
185,42.9
185.1,42.96
185.2,43.02
185.3,43.08
185.4,43.14
185.5,43.2
185.6,43.26
185.7,43.32
185.8,43.38
185.9,43.44
186,43.5
186.1,43.54
186.2,43.58
186.3,43.62
186.4,43.66
186.5,43.7
186.6,43.74
186.7,43.78
186.8,43.82
186.9,43.86
187,43.9
187.1,43.87
187.2,43.84
187.3,43.81
187.4,43.78
187.5,43.75
187.6,43.72
187.7,43.69
187.8,43.66
187.9,43.63
188,43.6
188.1,43.57
188.2,43.54
188.3,43.51
188.4,43.48
188.5,43.45
188.6,43.42
188.7,43.39
188.8,43.36
188.9,43.33
189,43.3
189.1,43.27
189.2,43.24
189.3,43.21
189.4,43.18
189.5,43.15
189.6,43.12
189.7,43.09
189.8,43.06
189.9,43.03
190,43
190.1,43.01
190.2,43.02
190.3,43.03
190.4,43.04
190.5,43.05
190.6,43.06
190.7,43.07
190.8,43.08
190.9,43.09
191,43.1
191.1,43.13
191.2,43.16
191.3,43.19
191.4,43.22
191.5,43.25
191.6,43.28
191.7,43.31
191.8,43.34
191.9,43.37
192,43.4
192.1,43.45
192.2,43.5
192.3,43.55
192.4,43.6
192.5,43.65
192.6,43.7
192.7,43.75
192.8,43.8
192.9,43.85
193,43.9
193.1,43.94
193.2,43.98
193.3,44.02
193.4,44.06
193.5,44.1
193.6,44.14
193.7,44.18
193.8,44.22
193.9,44.26
194,44.3
194.1,44.33
194.2,44.36
194.3,44.39
194.4,44.42
194.5,44.45
194.6,44.48
194.7,44.51
194.8,44.54
194.9,44.57
195,44.6
195.1,44.63
195.2,44.66
195.3,44.69
195.4,44.72
195.5,44.75
195.6,44.78
195.7,44.81
195.8,44.84
195.9,44.87
196,44.9
196.1,44.89
196.2,44.88
196.3,44.87
196.4,44.86
196.5,44.85
196.6,44.84
196.7,44.83
196.8,44.82
196.9,44.81
197,44.8
197.1,44.76
197.2,44.72
197.3,44.68
197.4,44.64
197.5,44.6
197.6,44.56
197.7,44.52
197.8,44.48
197.9,44.44
198,44.4
198.1,44.35
198.2,44.3
198.3,44.25
198.4,44.2
198.5,44.15
198.6,44.1
198.7,44.05
198.8,44
198.9,43.95
199,43.9
199.1,43.85
199.2,43.8
199.3,43.75
199.4,43.7
199.5,43.65
199.6,43.6
199.7,43.55
199.8,43.5
199.9,43.45
200,43.4
200.1,43.38
200.2,43.36
200.3,43.34
200.4,43.32
200.5,43.3
200.6,43.28
200.7,43.26
200.8,43.24
200.9,43.22
201,43.2
201.1,43.2
201.2,43.2
201.3,43.2
201.4,43.2
201.5,43.2
201.6,43.2
201.7,43.2
201.8,43.2
201.9,43.2
202,43.2
202.1,43.19
202.2,43.18
202.3,43.17
202.4,43.16
202.5,43.15
202.6,43.14
202.7,43.13
202.8,43.12
202.9,43.11
203,43.1
203.1,43.09
203.2,43.08
203.3,43.07
203.4,43.06
203.5,43.05
203.6,43.04
203.7,43.03
203.8,43.02
203.9,43.01
204,43
204.1,43
204.2,43
204.3,43
204.4,43
204.5,43
204.6,43
204.7,43
204.8,43
204.9,43
205,43
205.1,43.01
205.2,43.02
205.3,43.03
205.4,43.04
205.5,43.05
205.6,43.06
205.7,43.07
205.8,43.08
205.9,43.09
206,43.1
206.1,43.13
206.2,43.16
206.3,43.19
206.4,43.22
206.5,43.25
206.6,43.28
206.7,43.31
206.8,43.34
206.9,43.37
207,43.4
207.1,43.45
207.2,43.5
207.3,43.55
207.4,43.6
207.5,43.65
207.6,43.7
207.7,43.75
207.8,43.8
207.9,43.85
208,43.9
208.1,43.91
208.2,43.92
208.3,43.93
208.4,43.94
208.5,43.95
208.6,43.96
208.7,43.97
208.8,43.98
208.9,43.99
209,44
209.1,43.95
209.2,43.9
209.3,43.85
209.4,43.8
209.5,43.75
209.6,43.7
209.7,43.65
209.8,43.6
209.9,43.55
210,43.5
210.1,43.41
210.2,43.32
210.3,43.23
210.4,43.14
210.5,43.05
210.6,42.96
210.7,42.87
210.8,42.78
210.9,42.69
211,42.6
211.1,42.49
211.2,42.38
211.3,42.27
211.4,42.16
211.5,42.05
211.6,41.94
211.7,41.83
211.8,41.72
211.9,41.61
212,41.5
212.1,41.42
212.2,41.34
212.3,41.26
212.4,41.18
212.5,41.1
212.6,41.02
212.7,40.94
212.8,40.86
212.9,40.78
213,40.7
213.1,40.63
213.2,40.56
213.3,40.49
213.4,40.42
213.5,40.35
213.6,40.28
213.7,40.21
213.8,40.14
213.9,40.07
214,40
214.1,40
214.2,40
214.3,40
214.4,40
214.5,40
214.6,40
214.7,40
214.8,40
214.9,40
215,40
215.1,40.03
215.2,40.06
215.3,40.09
215.4,40.12
215.5,40.15
215.6,40.18
215.7,40.21
215.8,40.24
215.9,40.27
216,40.3
216.1,40.37
216.2,40.44
216.3,40.51
216.4,40.58
216.5,40.65
216.6,40.72
216.7,40.79
216.8,40.86
216.9,40.93
217,41
217.1,41.1
217.2,41.2
217.3,41.3
217.4,41.4
217.5,41.5
217.6,41.6
217.7,41.7
217.8,41.8
217.9,41.9
218,42
218.1,42.07
218.2,42.14
218.3,42.21
218.4,42.28
218.5,42.35
218.6,42.42
218.7,42.49
218.8,42.56
218.9,42.63
219,42.7
219.1,42.74
219.2,42.78
219.3,42.82
219.4,42.86
219.5,42.9
219.6,42.94
219.7,42.98
219.8,43.02
219.9,43.06
220,43.1
220.1,43.11
220.2,43.12
220.3,43.13
220.4,43.14
220.5,43.15
220.6,43.16
220.7,43.17
220.8,43.18
220.9,43.19
221,43.2
221.1,43.22
221.2,43.24
221.3,43.26
221.4,43.28
221.5,43.3
221.6,43.32
221.7,43.34
221.8,43.36
221.9,43.38
222,43.4
222.1,43.45
222.2,43.5
222.3,43.55
222.4,43.6
222.5,43.65
222.6,43.7
222.7,43.75
222.8,43.8
222.9,43.85
223,43.9
223.1,43.94
223.2,43.98
223.3,44.02
223.4,44.06
223.5,44.1
223.6,44.14
223.7,44.18
223.8,44.22
223.9,44.26
224,44.3
224.1,44.34
224.2,44.38
224.3,44.42
224.4,44.46
224.5,44.5
224.6,44.54
224.7,44.58
224.8,44.62
224.9,44.66
225,44.7
225.1,44.74
225.2,44.78
225.3,44.82
225.4,44.86
225.5,44.9
225.6,44.94
225.7,44.98
225.8,45.02
225.9,45.06
226,45.1
226.1,45.13
226.2,45.16
226.3,45.19
226.4,45.22
226.5,45.25
226.6,45.28
226.7,45.31
226.8,45.34
226.9,45.37
227,45.4
227.1,45.44
227.2,45.48
227.3,45.52
227.4,45.56
227.5,45.6
227.6,45.64
227.7,45.68
227.8,45.72
227.9,45.76
228,45.8
228.1,45.87
228.2,45.94
228.3,46.01
228.4,46.08
228.5,46.15
228.6,46.22
228.7,46.29
228.8,46.36
228.9,46.43
229,46.5
229.1,46.54
229.2,46.58
229.3,46.62
229.4,46.66
229.5,46.7
229.6,46.74
229.7,46.78
229.8,46.82
229.9,46.86
230,46.9
230.1,46.93
230.2,46.96
230.3,46.99
230.4,47.02
230.5,47.05
230.6,47.08
230.7,47.11
230.8,47.14
230.9,47.17
231,47.2
231.1,47.22
231.2,47.24
231.3,47.26
231.4,47.28
231.5,47.3
231.6,47.32
231.7,47.34
231.8,47.36
231.9,47.38
232,47.4
232.1,47.39
232.2,47.38
232.3,47.37
232.4,47.36
232.5,47.35
232.6,47.34
232.7,47.33
232.8,47.32
232.9,47.31
233,47.3
233.1,47.3
233.2,47.3
233.3,47.3
233.4,47.3
233.5,47.3
233.6,47.3
233.7,47.3
233.8,47.3
233.9,47.3
234,47.3
234.1,47.29
234.2,47.28
234.3,47.27
234.4,47.26
234.5,47.25
234.6,47.24
234.7,47.23
234.8,47.22
234.9,47.21
235,47.2
235.1,47.2
235.2,47.2
235.3,47.2
235.4,47.2
235.5,47.2
235.6,47.2
235.7,47.2
235.8,47.2
235.9,47.2
236,47.2
236.1,47.2
236.2,47.2
236.3,47.2
236.4,47.2
236.5,47.2
236.6,47.2
236.7,47.2
236.8,47.2
236.9,47.2
237,47.2
237.1,47.19
237.2,47.18
237.3,47.17
237.4,47.16
237.5,47.15
237.6,47.14
237.7,47.13
237.8,47.12
237.9,47.11
238,47.1
238.1,47.09
238.2,47.08
238.3,47.07
238.4,47.06
238.5,47.05
238.6,47.04
238.7,47.03
238.8,47.02
238.9,47.01
239,47
239.1,47
239.2,47
239.3,47
239.4,47
239.5,47
239.6,47
239.7,47
239.8,47
239.9,47
240,47
240.1,46.99
240.2,46.98
240.3,46.97
240.4,46.96
240.5,46.95
240.6,46.94
240.7,46.93
240.8,46.92
240.9,46.91
241,46.9
241.1,46.89
241.2,46.88
241.3,46.87
241.4,46.86
241.5,46.85
241.6,46.84
241.7,46.83
241.8,46.82
241.9,46.81
242,46.8
242.1,46.81
242.2,46.82
242.3,46.83
242.4,46.84
242.5,46.85
242.6,46.86
242.7,46.87
242.8,46.88
242.9,46.89
243,46.9
243.1,46.91
243.2,46.92
243.3,46.93
243.4,46.94
243.5,46.95
243.6,46.96
243.7,46.97
243.8,46.98
243.9,46.99
244,47
244.1,47.02
244.2,47.04
244.3,47.06
244.4,47.08
244.5,47.1
244.6,47.12
244.7,47.14
244.8,47.16
244.9,47.18
245,47.2
245.1,47.23
245.2,47.26
245.3,47.29
245.4,47.32
245.5,47.35
245.6,47.38
245.7,47.41
245.8,47.44
245.9,47.47
246,47.5
246.1,47.54
246.2,47.58
246.3,47.62
246.4,47.66
246.5,47.7
246.6,47.74
246.7,47.78
246.8,47.82
246.9,47.86
247,47.9
247.1,47.91
247.2,47.92
247.3,47.93
247.4,47.94
247.5,47.95
247.6,47.96
247.7,47.97
247.8,47.98
247.9,47.99
248,48
248.1,48
248.2,48
248.3,48
248.4,48
248.5,48
248.6,48
248.7,48
248.8,48
248.9,48
249,48
249.1,48
249.2,48
249.3,48
249.4,48
249.5,48
249.6,48
249.7,48
249.8,48
249.9,48
250,48
250.1,48
250.2,48
250.3,48
250.4,48
250.5,48
250.6,48
250.7,48
250.8,48
250.9,48
251,48
251.1,48
251.2,48
251.3,48
251.4,48
251.5,48
251.6,48
251.7,48
251.8,48
251.9,48
252,48
252.1,48.01
252.2,48.02
252.3,48.03
252.4,48.04
252.5,48.05
252.6,48.06
252.7,48.07
252.8,48.08
252.9,48.09
253,48.1
253.1,48.11
253.2,48.12
253.3,48.13
253.4,48.14
253.5,48.15
253.6,48.16
253.7,48.17
253.8,48.18
253.9,48.19
254,48.2
254.1,48.2
254.2,48.2
254.3,48.2
254.4,48.2
254.5,48.2
254.6,48.2
254.7,48.2
254.8,48.2
254.9,48.2
255,48.2
255.1,48.19
255.2,48.18
255.3,48.17
255.4,48.16
255.5,48.15
255.6,48.14
255.7,48.13
255.8,48.12
255.9,48.11
256,48.1
256.1,48.15
256.2,48.2
256.3,48.25
256.4,48.3
256.5,48.35
256.6,48.4
256.7,48.45
256.8,48.5
256.9,48.55
257,48.6
257.1,48.63
257.2,48.66
257.3,48.69
257.4,48.72
257.5,48.75
257.6,48.78
257.7,48.81
257.8,48.84
257.9,48.87
258,48.9
258.1,48.92
258.2,48.94
258.3,48.96
258.4,48.98
258.5,49
258.6,49.02
258.7,49.04
258.8,49.06
258.9,49.08
259,49.1
259.1,49.1
259.2,49.1
259.3,49.1
259.4,49.1
259.5,49.1
259.6,49.1
259.7,49.1
259.8,49.1
259.9,49.1
260,49.1
260.1,49.1
260.2,49.1
260.3,49.1
260.4,49.1
260.5,49.1
260.6,49.1
260.7,49.1
260.8,49.1
260.9,49.1
261,49.1
261.1,49.1
261.2,49.1
261.3,49.1
261.4,49.1
261.5,49.1
261.6,49.1
261.7,49.1
261.8,49.1
261.9,49.1
262,49.1
262.1,49.1
262.2,49.1
262.3,49.1
262.4,49.1
262.5,49.1
262.6,49.1
262.7,49.1
262.8,49.1
262.9,49.1
263,49.1
263.1,49.09
263.2,49.08
263.3,49.07
263.4,49.06
263.5,49.05
263.6,49.04
263.7,49.03
263.8,49.02
263.9,49.01
264,49
264.1,48.99
264.2,48.98
264.3,48.97
264.4,48.96
264.5,48.95
264.6,48.94
264.7,48.93
264.8,48.92
264.9,48.91
265,48.9
265.1,48.83
265.2,48.76
265.3,48.69
265.4,48.62
265.5,48.55
265.6,48.48
265.7,48.41
265.8,48.34
265.9,48.27
266,48.2
266.1,48.15
266.2,48.1
266.3,48.05
266.4,48
266.5,47.95
266.6,47.9
266.7,47.85
266.8,47.8
266.9,47.75
267,47.7
267.1,47.68
267.2,47.66
267.3,47.64
267.4,47.62
267.5,47.6
267.6,47.58
267.7,47.56
267.8,47.54
267.9,47.52
268,47.5
268.1,47.47
268.2,47.44
268.3,47.41
268.4,47.38
268.5,47.35
268.6,47.32
268.7,47.29
268.8,47.26
268.9,47.23
269,47.2
269.1,47.15
269.2,47.1
269.3,47.05
269.4,47
269.5,46.95
269.6,46.9
269.7,46.85
269.8,46.8
269.9,46.75
270,46.7
270.1,46.65
270.2,46.6
270.3,46.55
270.4,46.5
270.5,46.45
270.6,46.4
270.7,46.35
270.8,46.3
270.9,46.25
271,46.2
271.1,46.18
271.2,46.16
271.3,46.14
271.4,46.12
271.5,46.1
271.6,46.08
271.7,46.06
271.8,46.04
271.9,46.02
272,46
272.1,45.98
272.2,45.96
272.3,45.94
272.4,45.92
272.5,45.9
272.6,45.88
272.7,45.86
272.8,45.84
272.9,45.82
273,45.8
273.1,45.78
273.2,45.76
273.3,45.74
273.4,45.72
273.5,45.7
273.6,45.68
273.7,45.66
273.8,45.64
273.9,45.62
274,45.6
274.1,45.58
274.2,45.56
274.3,45.54
274.4,45.52
274.5,45.5
274.6,45.48
274.7,45.46
274.8,45.44
274.9,45.42
275,45.4
275.1,45.38
275.2,45.36
275.3,45.34
275.4,45.32
275.5,45.3
275.6,45.28
275.7,45.26
275.8,45.24
275.9,45.22
276,45.2
276.1,45.18
276.2,45.16
276.3,45.14
276.4,45.12
276.5,45.1
276.6,45.08
276.7,45.06
276.8,45.04
276.9,45.02
277,45
277.1,44.97
277.2,44.94
277.3,44.91
277.4,44.88
277.5,44.85
277.6,44.82
277.7,44.79
277.8,44.76
277.9,44.73
278,44.7
278.1,44.68
278.2,44.66
278.3,44.64
278.4,44.62
278.5,44.6
278.6,44.58
278.7,44.56
278.8,44.54
278.9,44.52
279,44.5
279.1,44.47
279.2,44.44
279.3,44.41
279.4,44.38
279.5,44.35
279.6,44.32
279.7,44.29
279.8,44.26
279.9,44.23
280,44.2
280.1,44.13
280.2,44.06
280.3,43.99
280.4,43.92
280.5,43.85
280.6,43.78
280.7,43.71
280.8,43.64
280.9,43.57
281,43.5
281.1,43.43
281.2,43.36
281.3,43.29
281.4,43.22
281.5,43.15
281.6,43.08
281.7,43.01
281.8,42.94
281.9,42.87
282,42.8
282.1,42.72
282.2,42.64
282.3,42.56
282.4,42.48
282.5,42.4
282.6,42.32
282.7,42.24
282.8,42.16
282.9,42.08
283,42
283.1,41.81
283.2,41.62
283.3,41.43
283.4,41.24
283.5,41.05
283.6,40.86
283.7,40.67
283.8,40.48
283.9,40.29
284,40.1
284.1,39.95
284.2,39.8
284.3,39.65
284.4,39.5
284.5,39.35
284.6,39.2
284.7,39.05
284.8,38.9
284.9,38.75
285,38.6
285.1,38.49
285.2,38.38
285.3,38.27
285.4,38.16
285.5,38.05
285.6,37.94
285.7,37.83
285.8,37.72
285.9,37.61
286,37.5
286.1,37.33
286.2,37.16
286.3,36.99
286.4,36.82
286.5,36.65
286.6,36.48
286.7,36.31
286.8,36.14
286.9,35.97
287,35.8
287.1,35.69
287.2,35.58
287.3,35.47
287.4,35.36
287.5,35.25
287.6,35.14
287.7,35.03
287.8,34.92
287.9,34.81
288,34.7
288.1,34.63
288.2,34.56
288.3,34.49
288.4,34.42
288.5,34.35
288.6,34.28
288.7,34.21
288.8,34.14
288.9,34.07
289,34
289.1,33.93
289.2,33.86
289.3,33.79
289.4,33.72
289.5,33.65
289.6,33.58
289.7,33.51
289.8,33.44
289.9,33.37
290,33.3
290.1,33.22
290.2,33.14
290.3,33.06
290.4,32.98
290.5,32.9
290.6,32.82
290.7,32.74
290.8,32.66
290.9,32.58
291,32.5
291.1,32.42
291.2,32.34
291.3,32.26
291.4,32.18
291.5,32.1
291.6,32.02
291.7,31.94
291.8,31.86
291.9,31.78
292,31.7
292.1,31.59
292.2,31.48
292.3,31.37
292.4,31.26
292.5,31.15
292.6,31.04
292.7,30.93
292.8,30.82
292.9,30.71
293,30.6
293.1,30.5
293.2,30.4
293.3,30.3
293.4,30.2
293.5,30.1
293.6,30
293.7,29.9
293.8,29.8
293.9,29.7
294,29.6
294.1,29.52
294.2,29.44
294.3,29.36
294.4,29.28
294.5,29.2
294.6,29.12
294.7,29.04
294.8,28.96
294.9,28.88
295,28.8
295.1,28.76
295.2,28.72
295.3,28.68
295.4,28.64
295.5,28.6
295.6,28.56
295.7,28.52
295.8,28.48
295.9,28.44
296,28.4
296.1,28.42
296.2,28.44
296.3,28.46
296.4,28.48
296.5,28.5
296.6,28.52
296.7,28.54
296.8,28.56
296.9,28.58
297,28.6
297.1,28.69
297.2,28.78
297.3,28.87
297.4,28.96
297.5,29.05
297.6,29.14
297.7,29.23
297.8,29.32
297.9,29.41
298,29.5
298.1,29.69
298.2,29.88
298.3,30.07
298.4,30.26
298.5,30.45
298.6,30.64
298.7,30.83
298.8,31.02
298.9,31.21
299,31.4
299.1,31.6
299.2,31.8
299.3,32
299.4,32.2
299.5,32.4
299.6,32.6
299.7,32.8
299.8,33
299.9,33.2
300,33.4
300.1,33.62
300.2,33.84
300.3,34.06
300.4,34.28
300.5,34.5
300.6,34.72
300.7,34.94
300.8,35.16
300.9,35.38
301,35.6
301.1,35.79
301.2,35.98
301.3,36.17
301.4,36.36
301.5,36.55
301.6,36.74
301.7,36.93
301.8,37.12
301.9,37.31
302,37.5
302.1,37.66
302.2,37.82
302.3,37.98
302.4,38.14
302.5,38.3
302.6,38.46
302.7,38.62
302.8,38.78
302.9,38.94
303,39.1
303.1,39.21
303.2,39.32
303.3,39.43
303.4,39.54
303.5,39.65
303.6,39.76
303.7,39.87
303.8,39.98
303.9,40.09
304,40.2
304.1,40.29
304.2,40.38
304.3,40.47
304.4,40.56
304.5,40.65
304.6,40.74
304.7,40.83
304.8,40.92
304.9,41.01
305,41.1
305.1,41.17
305.2,41.24
305.3,41.31
305.4,41.38
305.5,41.45
305.6,41.52
305.7,41.59
305.8,41.66
305.9,41.73
306,41.8
306.1,41.86
306.2,41.92
306.3,41.98
306.4,42.04
306.5,42.1
306.6,42.16
306.7,42.22
306.8,42.28
306.9,42.34
307,42.4
307.1,42.44
307.2,42.48
307.3,42.52
307.4,42.56
307.5,42.6
307.6,42.64
307.7,42.68
307.8,42.72
307.9,42.76
308,42.8
308.1,42.85
308.2,42.9
308.3,42.95
308.4,43
308.5,43.05
308.6,43.1
308.7,43.15
308.8,43.2
308.9,43.25
309,43.3
309.1,43.35
309.2,43.4
309.3,43.45
309.4,43.5
309.5,43.55
309.6,43.6
309.7,43.65
309.8,43.7
309.9,43.75
310,43.8
310.1,43.85
310.2,43.9
310.3,43.95
310.4,44
310.5,44.05
310.6,44.1
310.7,44.15
310.8,44.2
310.9,44.25
311,44.3
311.1,44.34
311.2,44.38
311.3,44.42
311.4,44.46
311.5,44.5
311.6,44.54
311.7,44.58
311.8,44.62
311.9,44.66
312,44.7
312.1,44.73
312.2,44.76
312.3,44.79
312.4,44.82
312.5,44.85
312.6,44.88
312.7,44.91
312.8,44.94
312.9,44.97
313,45
313.1,45.02
313.2,45.04
313.3,45.06
313.4,45.08
313.5,45.1
313.6,45.12
313.7,45.14
313.8,45.16
313.9,45.18
314,45.2
314.1,45.22
314.2,45.24
314.3,45.26
314.4,45.28
314.5,45.3
314.6,45.32
314.7,45.34
314.8,45.36
314.9,45.38
315,45.4
315.1,45.41
315.2,45.42
315.3,45.43
315.4,45.44
315.5,45.45
315.6,45.46
315.7,45.47
315.8,45.48
315.9,45.49
316,45.5
316.1,45.53
316.2,45.56
316.3,45.59
316.4,45.62
316.5,45.65
316.6,45.68
316.7,45.71
316.8,45.74
316.9,45.77
317,45.8
317.1,45.82
317.2,45.84
317.3,45.86
317.4,45.88
317.5,45.9
317.6,45.92
317.7,45.94
317.8,45.96
317.9,45.98
318,46
318.1,46.01
318.2,46.02
318.3,46.03
318.4,46.04
318.5,46.05
318.6,46.06
318.7,46.07
318.8,46.08
318.9,46.09
319,46.1
319.1,46.14
319.2,46.18
319.3,46.22
319.4,46.26
319.5,46.3
319.6,46.34
319.7,46.38
319.8,46.42
319.9,46.46
320,46.5
320.1,46.53
320.2,46.56
320.3,46.59
320.4,46.62
320.5,46.65
320.6,46.68
320.7,46.71
320.8,46.74
320.9,46.77
321,46.8
321.1,46.83
321.2,46.86
321.3,46.89
321.4,46.92
321.5,46.95
321.6,46.98
321.7,47.01
321.8,47.04
321.9,47.07
322,47.1
322.1,47.16
322.2,47.22
322.3,47.28
322.4,47.34
322.5,47.4
322.6,47.46
322.7,47.52
322.8,47.58
322.9,47.64
323,47.7
323.1,47.76
323.2,47.82
323.3,47.88
323.4,47.94
323.5,48
323.6,48.06
323.7,48.12
323.8,48.18
323.9,48.24
324,48.3
324.1,48.37
324.2,48.44
324.3,48.51
324.4,48.58
324.5,48.65
324.6,48.72
324.7,48.79
324.8,48.86
324.9,48.93
325,49
325.1,49.07
325.2,49.14
325.3,49.21
325.4,49.28
325.5,49.35
325.6,49.42
325.7,49.49
325.8,49.56
325.9,49.63
326,49.7
326.1,49.76
326.2,49.82
326.3,49.88
326.4,49.94
326.5,50
326.6,50.06
326.7,50.12
326.8,50.18
326.9,50.24
327,50.3
327.1,50.37
327.2,50.44
327.3,50.51
327.4,50.58
327.5,50.65
327.6,50.72
327.7,50.79
327.8,50.86
327.9,50.93
328,51
328.1,51.07
328.2,51.14
328.3,51.21
328.4,51.28
328.5,51.35
328.6,51.42
328.7,51.49
328.8,51.56
328.9,51.63
329,51.7
329.1,51.77
329.2,51.84
329.3,51.91
329.4,51.98
329.5,52.05
329.6,52.12
329.7,52.19
329.8,52.26
329.9,52.33
330,52.4
330.1,52.47
330.2,52.54
330.3,52.61
330.4,52.68
330.5,52.75
330.6,52.82
330.7,52.89
330.8,52.96
330.9,53.03
331,53.1
331.1,53.17
331.2,53.24
331.3,53.31
331.4,53.38
331.5,53.45
331.6,53.52
331.7,53.59
331.8,53.66
331.9,53.73
332,53.8
332.1,53.87
332.2,53.94
332.3,54.01
332.4,54.08
332.5,54.15
332.6,54.22
332.7,54.29
332.8,54.36
332.9,54.43
333,54.5
333.1,54.57
333.2,54.64
333.3,54.71
333.4,54.78
333.5,54.85
333.6,54.92
333.7,54.99
333.8,55.06
333.9,55.13
334,55.2
334.1,55.26
334.2,55.32
334.3,55.38
334.4,55.44
334.5,55.5
334.6,55.56
334.7,55.62
334.8,55.68
334.9,55.74
335,55.8
335.1,55.86
335.2,55.92
335.3,55.98
335.4,56.04
335.5,56.1
335.6,56.16
335.7,56.22
335.8,56.28
335.9,56.34
336,56.4
336.1,56.45
336.2,56.5
336.3,56.55
336.4,56.6
336.5,56.65
336.6,56.7
336.7,56.75
336.8,56.8
336.9,56.85
337,56.9
337.1,56.91
337.2,56.92
337.3,56.93
337.4,56.94
337.5,56.95
337.6,56.96
337.7,56.97
337.8,56.98
337.9,56.99
338,57
338.1,57.01
338.2,57.02
338.3,57.03
338.4,57.04
338.5,57.05
338.6,57.06
338.7,57.07
338.8,57.08
338.9,57.09
339,57.1
339.1,57.12
339.2,57.14
339.3,57.16
339.4,57.18
339.5,57.2
339.6,57.22
339.7,57.24
339.8,57.26
339.9,57.28
340,57.3
340.1,57.33
340.2,57.36
340.3,57.39
340.4,57.42
340.5,57.45
340.6,57.48
340.7,57.51
340.8,57.54
340.9,57.57
341,57.6
341.1,57.62
341.2,57.64
341.3,57.66
341.4,57.68
341.5,57.7
341.6,57.72
341.7,57.74
341.8,57.76
341.9,57.78
342,57.8
342.1,57.82
342.2,57.84
342.3,57.86
342.4,57.88
342.5,57.9
342.6,57.92
342.7,57.94
342.8,57.96
342.9,57.98
343,58
343.1,58.01
343.2,58.02
343.3,58.03
343.4,58.04
343.5,58.05
343.6,58.06
343.7,58.07
343.8,58.08
343.9,58.09
344,58.1
344.1,58.13
344.2,58.16
344.3,58.19
344.4,58.22
344.5,58.25
344.6,58.28
344.7,58.31
344.8,58.34
344.9,58.37
345,58.4
345.1,58.43
345.2,58.46
345.3,58.49
345.4,58.52
345.5,58.55
345.6,58.58
345.7,58.61
345.8,58.64
345.9,58.67
346,58.7
346.1,58.71
346.2,58.72
346.3,58.73
346.4,58.74
346.5,58.75
346.6,58.76
346.7,58.77
346.8,58.78
346.9,58.79
347,58.8
347.1,58.81
347.2,58.82
347.3,58.83
347.4,58.84
347.5,58.85
347.6,58.86
347.7,58.87
347.8,58.88
347.9,58.89
348,58.9
348.1,58.91
348.2,58.92
348.3,58.93
348.4,58.94
348.5,58.95
348.6,58.96
348.7,58.97
348.8,58.98
348.9,58.99
349,59
349.1,59
349.2,59
349.3,59
349.4,59
349.5,59
349.6,59
349.7,59
349.8,59
349.9,59
350,59
350.1,58.99
350.2,58.98
350.3,58.97
350.4,58.96
350.5,58.95
350.6,58.94
350.7,58.93
350.8,58.92
350.9,58.91
351,58.9
351.1,58.89
351.2,58.88
351.3,58.87
351.4,58.86
351.5,58.85
351.6,58.84
351.7,58.83
351.8,58.82
351.9,58.81
352,58.8
352.1,58.78
352.2,58.76
352.3,58.74
352.4,58.72
352.5,58.7
352.6,58.68
352.7,58.66
352.8,58.64
352.9,58.62
353,58.6
353.1,58.58
353.2,58.56
353.3,58.54
353.4,58.52
353.5,58.5
353.6,58.48
353.7,58.46
353.8,58.44
353.9,58.42
354,58.4
354.1,58.38
354.2,58.36
354.3,58.34
354.4,58.32
354.5,58.3
354.6,58.28
354.7,58.26
354.8,58.24
354.9,58.22
355,58.2
355.1,58.19
355.2,58.18
355.3,58.17
355.4,58.16
355.5,58.15
355.6,58.14
355.7,58.13
355.8,58.12
355.9,58.11
356,58.1
356.1,58.09
356.2,58.08
356.3,58.07
356.4,58.06
356.5,58.05
356.6,58.04
356.7,58.03
356.8,58.02
356.9,58.01
357,58
357.1,57.99
357.2,57.98
357.3,57.97
357.4,57.96
357.5,57.95
357.6,57.94
357.7,57.93
357.8,57.92
357.9,57.91
358,57.9
358.1,57.87
358.2,57.84
358.3,57.81
358.4,57.78
358.5,57.75
358.6,57.72
358.7,57.69
358.8,57.66
358.9,57.63
359,57.6
359.1,57.58
359.2,57.56
359.3,57.54
359.4,57.52
359.5,57.5
359.6,57.48
359.7,57.46
359.8,57.44
359.9,57.42
360,57.4
360.1,57.38
360.2,57.36
360.3,57.34
360.4,57.32
360.5,57.3
360.6,57.28
360.7,57.26
360.8,57.24
360.9,57.22
361,57.2
361.1,57.19
361.2,57.18
361.3,57.17
361.4,57.16
361.5,57.15
361.6,57.14
361.7,57.13
361.8,57.12
361.9,57.11
362,57.1
362.1,57.09
362.2,57.08
362.3,57.07
362.4,57.06
362.5,57.05
362.6,57.04
362.7,57.03
362.8,57.02
362.9,57.01
363,57
363.1,57
363.2,57
363.3,57
363.4,57
363.5,57
363.6,57
363.7,57
363.8,57
363.9,57
364,57
364.1,56.99
364.2,56.98
364.3,56.97
364.4,56.96
364.5,56.95
364.6,56.94
364.7,56.93
364.8,56.92
364.9,56.91
365,56.9
365.1,56.9
365.2,56.9
365.3,56.9
365.4,56.9
365.5,56.9
365.6,56.9
365.7,56.9
365.8,56.9
365.9,56.9
366,56.9
366.1,56.9
366.2,56.9
366.3,56.9
366.4,56.9
366.5,56.9
366.6,56.9
366.7,56.9
366.8,56.9
366.9,56.9
367,56.9
367.1,56.91
367.2,56.92
367.3,56.93
367.4,56.94
367.5,56.95
367.6,56.96
367.7,56.97
367.8,56.98
367.9,56.99
368,57
368.1,57
368.2,57
368.3,57
368.4,57
368.5,57
368.6,57
368.7,57
368.8,57
368.9,57
369,57
369.1,57
369.2,57
369.3,57
369.4,57
369.5,57
369.6,57
369.7,57
369.8,57
369.9,57
370,57
370.1,57
370.2,57
370.3,57
370.4,57
370.5,57
370.6,57
370.7,57
370.8,57
370.9,57
371,57
371.1,57
371.2,57
371.3,57
371.4,57
371.5,57
371.6,57
371.7,57
371.8,57
371.9,57
372,57
372.1,57
372.2,57
372.3,57
372.4,57
372.5,57
372.6,57
372.7,57
372.8,57
372.9,57
373,57
373.1,57
373.2,57
373.3,57
373.4,57
373.5,57
373.6,57
373.7,57
373.8,57
373.9,57
374,57
374.1,57
374.2,57
374.3,57
374.4,57
374.5,57
374.6,57
374.7,57
374.8,57
374.9,57
375,57
375.1,57
375.2,57
375.3,57
375.4,57
375.5,57
375.6,57
375.7,57
375.8,57
375.9,57
376,57
376.1,56.99
376.2,56.98
376.3,56.97
376.4,56.96
376.5,56.95
376.6,56.94
376.7,56.93
376.8,56.92
376.9,56.91
377,56.9
377.1,56.89
377.2,56.88
377.3,56.87
377.4,56.86
377.5,56.85
377.6,56.84
377.7,56.83
377.8,56.82
377.9,56.81
378,56.8
378.1,56.77
378.2,56.74
378.3,56.71
378.4,56.68
378.5,56.65
378.6,56.62
378.7,56.59
378.8,56.56
378.9,56.53
379,56.5
379.1,56.47
379.2,56.44
379.3,56.41
379.4,56.38
379.5,56.35
379.6,56.32
379.7,56.29
379.8,56.26
379.9,56.23
380,56.2
380.1,56.18
380.2,56.16
380.3,56.14
380.4,56.12
380.5,56.1
380.6,56.08
380.7,56.06
380.8,56.04
380.9,56.02
381,56
381.1,56
381.2,56
381.3,56
381.4,56
381.5,56
381.6,56
381.7,56
381.8,56
381.9,56
382,56
382.1,56
382.2,56
382.3,56
382.4,56
382.5,56
382.6,56
382.7,56
382.8,56
382.9,56
383,56
383.1,56.01
383.2,56.02
383.3,56.03
383.4,56.04
383.5,56.05
383.6,56.06
383.7,56.07
383.8,56.08
383.9,56.09
384,56.1
384.1,56.13
384.2,56.16
384.3,56.19
384.4,56.22
384.5,56.25
384.6,56.28
384.7,56.31
384.8,56.34
384.9,56.37
385,56.4
385.1,56.43
385.2,56.46
385.3,56.49
385.4,56.52
385.5,56.55
385.6,56.58
385.7,56.61
385.8,56.64
385.9,56.67
386,56.7
386.1,56.72
386.2,56.74
386.3,56.76
386.4,56.78
386.5,56.8
386.6,56.82
386.7,56.84
386.8,56.86
386.9,56.88
387,56.9
387.1,56.92
387.2,56.94
387.3,56.96
387.4,56.98
387.5,57
387.6,57.02
387.7,57.04
387.8,57.06
387.9,57.08
388,57.1
388.1,57.12
388.2,57.14
388.3,57.16
388.4,57.18
388.5,57.2
388.6,57.22
388.7,57.24
388.8,57.26
388.9,57.28
389,57.3
389.1,57.31
389.2,57.32
389.3,57.33
389.4,57.34
389.5,57.35
389.6,57.36
389.7,57.37
389.8,57.38
389.9,57.39
390,57.4
390.1,57.4
390.2,57.4
390.3,57.4
390.4,57.4
390.5,57.4
390.6,57.4
390.7,57.4
390.8,57.4
390.9,57.4
391,57.4
391.1,57.38
391.2,57.36
391.3,57.34
391.4,57.32
391.5,57.3
391.6,57.28
391.7,57.26
391.8,57.24
391.9,57.22
392,57.2
392.1,57.18
392.2,57.16
392.3,57.14
392.4,57.12
392.5,57.1
392.6,57.08
392.7,57.06
392.8,57.04
392.9,57.02
393,57
393.1,56.99
393.2,56.98
393.3,56.97
393.4,56.96
393.5,56.95
393.6,56.94
393.7,56.93
393.8,56.92
393.9,56.91
394,56.9
394.1,56.87
394.2,56.84
394.3,56.81
394.4,56.78
394.5,56.75
394.6,56.72
394.7,56.69
394.8,56.66
394.9,56.63
395,56.6
395.1,56.57
395.2,56.54
395.3,56.51
395.4,56.48
395.5,56.45
395.6,56.42
395.7,56.39
395.8,56.36
395.9,56.33
396,56.3
396.1,56.28
396.2,56.26
396.3,56.24
396.4,56.22
396.5,56.2
396.6,56.18
396.7,56.16
396.8,56.14
396.9,56.12
397,56.1
397.1,56.13
397.2,56.16
397.3,56.19
397.4,56.22
397.5,56.25
397.6,56.28
397.7,56.31
397.8,56.34
397.9,56.37
398,56.4
398.1,56.43
398.2,56.46
398.3,56.49
398.4,56.52
398.5,56.55
398.6,56.58
398.7,56.61
398.8,56.64
398.9,56.67
399,56.7
399.1,56.74
399.2,56.78
399.3,56.82
399.4,56.86
399.5,56.9
399.6,56.94
399.7,56.98
399.8,57.02
399.9,57.06
400,57.1
400.1,57.14
400.2,57.18
400.3,57.22
400.4,57.26
400.5,57.3
400.6,57.34
400.7,57.38
400.8,57.42
400.9,57.46
401,57.5
401.1,57.53
401.2,57.56
401.3,57.59
401.4,57.62
401.5,57.65
401.6,57.68
401.7,57.71
401.8,57.74
401.9,57.77
402,57.8
402.1,57.82
402.2,57.84
402.3,57.86
402.4,57.88
402.5,57.9
402.6,57.92
402.7,57.94
402.8,57.96
402.9,57.98
403,58
403.1,58
403.2,58
403.3,58
403.4,58
403.5,58
403.6,58
403.7,58
403.8,58
403.9,58
404,58
404.1,58
404.2,58
404.3,58
404.4,58
404.5,58
404.6,58
404.7,58
404.8,58
404.9,58
405,58
405.1,58
405.2,58
405.3,58
405.4,58
405.5,58
405.6,58
405.7,58
405.8,58
405.9,58
406,58
406.1,58
406.2,58
406.3,58
406.4,58
406.5,58
406.6,58
406.7,58
406.8,58
406.9,58
407,58
407.1,58
407.2,58
407.3,58
407.4,58
407.5,58
407.6,58
407.7,58
407.8,58
407.9,58
408,58
408.1,57.99
408.2,57.98
408.3,57.97
408.4,57.96
408.5,57.95
408.6,57.94
408.7,57.93
408.8,57.92
408.9,57.91
409,57.9
409.1,57.89
409.2,57.88
409.3,57.87
409.4,57.86
409.5,57.85
409.6,57.84
409.7,57.83
409.8,57.82
409.9,57.81
410,57.8
410.1,57.79
410.2,57.78
410.3,57.77
410.4,57.76
410.5,57.75
410.6,57.74
410.7,57.73
410.8,57.72
410.9,57.71
411,57.7
411.1,57.7
411.2,57.7
411.3,57.7
411.4,57.7
411.5,57.7
411.6,57.7
411.7,57.7
411.8,57.7
411.9,57.7
412,57.7
412.1,57.71
412.2,57.72
412.3,57.73
412.4,57.74
412.5,57.75
412.6,57.76
412.7,57.77
412.8,57.78
412.9,57.79
413,57.8
413.1,57.81
413.2,57.82
413.3,57.83
413.4,57.84
413.5,57.85
413.6,57.86
413.7,57.87
413.8,57.88
413.9,57.89
414,57.9
414.1,57.91
414.2,57.92
414.3,57.93
414.4,57.94
414.5,57.95
414.6,57.96
414.7,57.97
414.8,57.98
414.9,57.99
415,58
415.1,58.01
415.2,58.02
415.3,58.03
415.4,58.04
415.5,58.05
415.6,58.06
415.7,58.07
415.8,58.08
415.9,58.09
416,58.1
416.1,58.13
416.2,58.16
416.3,58.19
416.4,58.22
416.5,58.25
416.6,58.28
416.7,58.31
416.8,58.34
416.9,58.37
417,58.4
417.1,58.45
417.2,58.5
417.3,58.55
417.4,58.6
417.5,58.65
417.6,58.7
417.7,58.75
417.8,58.8
417.9,58.85
418,58.9
418.1,58.92
418.2,58.94
418.3,58.96
418.4,58.98
418.5,59
418.6,59.02
418.7,59.04
418.8,59.06
418.9,59.08
419,59.1
419.1,59.13
419.2,59.16
419.3,59.19
419.4,59.22
419.5,59.25
419.6,59.28
419.7,59.31
419.8,59.34
419.9,59.37
420,59.4
420.1,59.44
420.2,59.48
420.3,59.52
420.4,59.56
420.5,59.6
420.6,59.64
420.7,59.68
420.8,59.72
420.9,59.76
421,59.8
421.1,59.81
421.2,59.82
421.3,59.83
421.4,59.84
421.5,59.85
421.6,59.86
421.7,59.87
421.8,59.88
421.9,59.89
422,59.9
422.1,59.9
422.2,59.9
422.3,59.9
422.4,59.9
422.5,59.9
422.6,59.9
422.7,59.9
422.8,59.9
422.9,59.9
423,59.9
423.1,59.89
423.2,59.88
423.3,59.87
423.4,59.86
423.5,59.85
423.6,59.84
423.7,59.83
423.8,59.82
423.9,59.81
424,59.8
424.1,59.78
424.2,59.76
424.3,59.74
424.4,59.72
424.5,59.7
424.6,59.68
424.7,59.66
424.8,59.64
424.9,59.62
425,59.6
425.1,59.58
425.2,59.56
425.3,59.54
425.4,59.52
425.5,59.5
425.6,59.48
425.7,59.46
425.8,59.44
425.9,59.42
426,59.4
426.1,59.38
426.2,59.36
426.3,59.34
426.4,59.32
426.5,59.3
426.6,59.28
426.7,59.26
426.8,59.24
426.9,59.22
427,59.2
427.1,59.19
427.2,59.18
427.3,59.17
427.4,59.16
427.5,59.15
427.6,59.14
427.7,59.13
427.8,59.12
427.9,59.11
428,59.1
428.1,59.09
428.2,59.08
428.3,59.07
428.4,59.06
428.5,59.05
428.6,59.04
428.7,59.03
428.8,59.02
428.9,59.01
429,59
429.1,58.99
429.2,58.98
429.3,58.97
429.4,58.96
429.5,58.95
429.6,58.94
429.7,58.93
429.8,58.92
429.9,58.91
430,58.9
430.1,58.88
430.2,58.86
430.3,58.84
430.4,58.82
430.5,58.8
430.6,58.78
430.7,58.76
430.8,58.74
430.9,58.72
431,58.7
431.1,58.69
431.2,58.68
431.3,58.67
431.4,58.66
431.5,58.65
431.6,58.64
431.7,58.63
431.8,58.62
431.9,58.61
432,58.6
432.1,58.59
432.2,58.58
432.3,58.57
432.4,58.56
432.5,58.55
432.6,58.54
432.7,58.53
432.8,58.52
432.9,58.51
433,58.5
433.1,58.49
433.2,58.48
433.3,58.47
433.4,58.46
433.5,58.45
433.6,58.44
433.7,58.43
433.8,58.42
433.9,58.41
434,58.4
434.1,58.4
434.2,58.4
434.3,58.4
434.4,58.4
434.5,58.4
434.6,58.4
434.7,58.4
434.8,58.4
434.9,58.4
435,58.4
435.1,58.39
435.2,58.38
435.3,58.37
435.4,58.36
435.5,58.35
435.6,58.34
435.7,58.33
435.8,58.32
435.9,58.31
436,58.3
436.1,58.29
436.2,58.28
436.3,58.27
436.4,58.26
436.5,58.25
436.6,58.24
436.7,58.23
436.8,58.22
436.9,58.21
437,58.2
437.1,58.19
437.2,58.18
437.3,58.17
437.4,58.16
437.5,58.15
437.6,58.14
437.7,58.13
437.8,58.12
437.9,58.11
438,58.1
438.1,58.09
438.2,58.08
438.3,58.07
438.4,58.06
438.5,58.05
438.6,58.04
438.7,58.03
438.8,58.02
438.9,58.01
439,58
439.1,57.99
439.2,57.98
439.3,57.97
439.4,57.96
439.5,57.95
439.6,57.94
439.7,57.93
439.8,57.92
439.9,57.91
440,57.9
440.1,57.9
440.2,57.9
440.3,57.9
440.4,57.9
440.5,57.9
440.6,57.9
440.7,57.9
440.8,57.9
440.9,57.9
441,57.9
441.1,57.9
441.2,57.9
441.3,57.9
441.4,57.9
441.5,57.9
441.6,57.9
441.7,57.9
441.8,57.9
441.9,57.9
442,57.9
442.1,57.9
442.2,57.9
442.3,57.9
442.4,57.9
442.5,57.9
442.6,57.9
442.7,57.9
442.8,57.9
442.9,57.9
443,57.9
443.1,57.9
443.2,57.9
443.3,57.9
443.4,57.9
443.5,57.9
443.6,57.9
443.7,57.9
443.8,57.9
443.9,57.9
444,57.9
444.1,57.91
444.2,57.92
444.3,57.93
444.4,57.94
444.5,57.95
444.6,57.96
444.7,57.97
444.8,57.98
444.9,57.99
445,58
445.1,58.01
445.2,58.02
445.3,58.03
445.4,58.04
445.5,58.05
445.6,58.06
445.7,58.07
445.8,58.08
445.9,58.09
446,58.1
446.1,58.1
446.2,58.1
446.3,58.1
446.4,58.1
446.5,58.1
446.6,58.1
446.7,58.1
446.8,58.1
446.9,58.1
447,58.1
447.1,58.11
447.2,58.12
447.3,58.13
447.4,58.14
447.5,58.15
447.6,58.16
447.7,58.17
447.8,58.18
447.9,58.19
448,58.2
448.1,58.2
448.2,58.2
448.3,58.2
448.4,58.2
448.5,58.2
448.6,58.2
448.7,58.2
448.8,58.2
448.9,58.2
449,58.2
449.1,58.2
449.2,58.2
449.3,58.2
449.4,58.2
449.5,58.2
449.6,58.2
449.7,58.2
449.8,58.2
449.9,58.2
450,58.2
450.1,58.19
450.2,58.18
450.3,58.17
450.4,58.16
450.5,58.15
450.6,58.14
450.7,58.13
450.8,58.12
450.9,58.11
451,58.1
451.1,58.09
451.2,58.08
451.3,58.07
451.4,58.06
451.5,58.05
451.6,58.04
451.7,58.03
451.8,58.02
451.9,58.01
452,58
452.1,58
452.2,58
452.3,58
452.4,58
452.5,58
452.6,58
452.7,58
452.8,58
452.9,58
453,58
453.1,58
453.2,58
453.3,58
453.4,58
453.5,58
453.6,58
453.7,58
453.8,58
453.9,58
454,58
454.1,58
454.2,58
454.3,58
454.4,58
454.5,58
454.6,58
454.7,58
454.8,58
454.9,58
455,58
455.1,58
455.2,58
455.3,58
455.4,58
455.5,58
455.6,58
455.7,58
455.8,58
455.9,58
456,58
456.1,58
456.2,58
456.3,58
456.4,58
456.5,58
456.6,58
456.7,58
456.8,58
456.9,58
457,58
457.1,57.99
457.2,57.98
457.3,57.97
457.4,57.96
457.5,57.95
457.6,57.94
457.7,57.93
457.8,57.92
457.9,57.91
458,57.9
458.1,57.9
458.2,57.9
458.3,57.9
458.4,57.9
458.5,57.9
458.6,57.9
458.7,57.9
458.8,57.9
458.9,57.9
459,57.9
459.1,57.91
459.2,57.92
459.3,57.93
459.4,57.94
459.5,57.95
459.6,57.96
459.7,57.97
459.8,57.98
459.9,57.99
460,58
460.1,58.01
460.2,58.02
460.3,58.03
460.4,58.04
460.5,58.05
460.6,58.06
460.7,58.07
460.8,58.08
460.9,58.09
461,58.1
461.1,58.1
461.2,58.1
461.3,58.1
461.4,58.1
461.5,58.1
461.6,58.1
461.7,58.1
461.8,58.1
461.9,58.1
462,58.1
462.1,58.11
462.2,58.12
462.3,58.13
462.4,58.14
462.5,58.15
462.6,58.16
462.7,58.17
462.8,58.18
462.9,58.19
463,58.2
463.1,58.21
463.2,58.22
463.3,58.23
463.4,58.24
463.5,58.25
463.6,58.26
463.7,58.27
463.8,58.28
463.9,58.29
464,58.3
464.1,58.3
464.2,58.3
464.3,58.3
464.4,58.3
464.5,58.3
464.6,58.3
464.7,58.3
464.8,58.3
464.9,58.3
465,58.3
465.1,58.3
465.2,58.3
465.3,58.3
465.4,58.3
465.5,58.3
465.6,58.3
465.7,58.3
465.8,58.3
465.9,58.3
466,58.3
466.1,58.29
466.2,58.28
466.3,58.27
466.4,58.26
466.5,58.25
466.6,58.24
466.7,58.23
466.8,58.22
466.9,58.21
467,58.2
467.1,58.19
467.2,58.18
467.3,58.17
467.4,58.16
467.5,58.15
467.6,58.14
467.7,58.13
467.8,58.12
467.9,58.11
468,58.1
468.1,58.09
468.2,58.08
468.3,58.07
468.4,58.06
468.5,58.05
468.6,58.04
468.7,58.03
468.8,58.02
468.9,58.01
469,58
469.1,57.98
469.2,57.96
469.3,57.94
469.4,57.92
469.5,57.9
469.6,57.88
469.7,57.86
469.8,57.84
469.9,57.82
470,57.8
470.1,57.77
470.2,57.74
470.3,57.71
470.4,57.68
470.5,57.65
470.6,57.62
470.7,57.59
470.8,57.56
470.9,57.53
471,57.5
471.1,57.46
471.2,57.42
471.3,57.38
471.4,57.34
471.5,57.3
471.6,57.26
471.7,57.22
471.8,57.18
471.9,57.14
472,57.1
472.1,57.09
472.2,57.08
472.3,57.07
472.4,57.06
472.5,57.05
472.6,57.04
472.7,57.03
472.8,57.02
472.9,57.01
473,57
473.1,56.96
473.2,56.92
473.3,56.88
473.4,56.84
473.5,56.8
473.6,56.76
473.7,56.72
473.8,56.68
473.9,56.64
474,56.6
474.1,56.55
474.2,56.5
474.3,56.45
474.4,56.4
474.5,56.35
474.6,56.3
474.7,56.25
474.8,56.2
474.9,56.15
475,56.1
475.1,56.09
475.2,56.08
475.3,56.07
475.4,56.06
475.5,56.05
475.6,56.04
475.7,56.03
475.8,56.02
475.9,56.01
476,56
476.1,55.98
476.2,55.96
476.3,55.94
476.4,55.92
476.5,55.9
476.6,55.88
476.7,55.86
476.8,55.84
476.9,55.82
477,55.8
477.1,55.77
477.2,55.74
477.3,55.71
477.4,55.68
477.5,55.65
477.6,55.62
477.7,55.59
477.8,55.56
477.9,55.53
478,55.5
478.1,55.47
478.2,55.44
478.3,55.41
478.4,55.38
478.5,55.35
478.6,55.32
478.7,55.29
478.8,55.26
478.9,55.23
479,55.2
479.1,55.19
479.2,55.18
479.3,55.17
479.4,55.16
479.5,55.15
479.6,55.14
479.7,55.13
479.8,55.12
479.9,55.11
480,55.1
480.1,55.09
480.2,55.08
480.3,55.07
480.4,55.06
480.5,55.05
480.6,55.04
480.7,55.03
480.8,55.02
480.9,55.01
481,55
481.1,54.99
481.2,54.98
481.3,54.97
481.4,54.96
481.5,54.95
481.6,54.94
481.7,54.93
481.8,54.92
481.9,54.91
482,54.9
482.1,54.9
482.2,54.9
482.3,54.9
482.4,54.9
482.5,54.9
482.6,54.9
482.7,54.9
482.8,54.9
482.9,54.9
483,54.9
483.1,54.9
483.2,54.9
483.3,54.9
483.4,54.9
483.5,54.9
483.6,54.9
483.7,54.9
483.8,54.9
483.9,54.9
484,54.9
484.1,54.9
484.2,54.9
484.3,54.9
484.4,54.9
484.5,54.9
484.6,54.9
484.7,54.9
484.8,54.9
484.9,54.9
485,54.9
485.1,54.9
485.2,54.9
485.3,54.9
485.4,54.9
485.5,54.9
485.6,54.9
485.7,54.9
485.8,54.9
485.9,54.9
486,54.9
486.1,54.9
486.2,54.9
486.3,54.9
486.4,54.9
486.5,54.9
486.6,54.9
486.7,54.9
486.8,54.9
486.9,54.9
487,54.9
487.1,54.91
487.2,54.92
487.3,54.93
487.4,54.94
487.5,54.95
487.6,54.96
487.7,54.97
487.8,54.98
487.9,54.99
488,55
488.1,55
488.2,55
488.3,55
488.4,55
488.5,55
488.6,55
488.7,55
488.8,55
488.9,55
489,55
489.1,55
489.2,55
489.3,55
489.4,55
489.5,55
489.6,55
489.7,55
489.8,55
489.9,55
490,55
490.1,55
490.2,55
490.3,55
490.4,55
490.5,55
490.6,55
490.7,55
490.8,55
490.9,55
491,55
491.1,55
491.2,55
491.3,55
491.4,55
491.5,55
491.6,55
491.7,55
491.8,55
491.9,55
492,55
492.1,55
492.2,55
492.3,55
492.4,55
492.5,55
492.6,55
492.7,55
492.8,55
492.9,55
493,55
493.1,55.01
493.2,55.02
493.3,55.03
493.4,55.04
493.5,55.05
493.6,55.06
493.7,55.07
493.8,55.08
493.9,55.09
494,55.1
494.1,55.1
494.2,55.1
494.3,55.1
494.4,55.1
494.5,55.1
494.6,55.1
494.7,55.1
494.8,55.1
494.9,55.1
495,55.1
495.1,55.09
495.2,55.08
495.3,55.07
495.4,55.06
495.5,55.05
495.6,55.04
495.7,55.03
495.8,55.02
495.9,55.01
496,55
496.1,54.99
496.2,54.98
496.3,54.97
496.4,54.96
496.5,54.95
496.6,54.94
496.7,54.93
496.8,54.92
496.9,54.91
497,54.9
497.1,54.9
497.2,54.9
497.3,54.9
497.4,54.9
497.5,54.9
497.6,54.9
497.7,54.9
497.8,54.9
497.9,54.9
498,54.9
498.1,54.89
498.2,54.88
498.3,54.87
498.4,54.86
498.5,54.85
498.6,54.84
498.7,54.83
498.8,54.82
498.9,54.81
499,54.8
499.1,54.79
499.2,54.78
499.3,54.77
499.4,54.76
499.5,54.75
499.6,54.74
499.7,54.73
499.8,54.72
499.9,54.71
500,54.7
500.1,54.69
500.2,54.68
500.3,54.67
500.4,54.66
500.5,54.65
500.6,54.64
500.7,54.63
500.8,54.62
500.9,54.61
501,54.6
501.1,54.58
501.2,54.56
501.3,54.54
501.4,54.52
501.5,54.5
501.6,54.48
501.7,54.46
501.8,54.44
501.9,54.42
502,54.4
502.1,54.39
502.2,54.38
502.3,54.37
502.4,54.36
502.5,54.35
502.6,54.34
502.7,54.33
502.8,54.32
502.9,54.31
503,54.3
503.1,54.3
503.2,54.3
503.3,54.3
503.4,54.3
503.5,54.3
503.6,54.3
503.7,54.3
503.8,54.3
503.9,54.3
504,54.3
504.1,54.29
504.2,54.28
504.3,54.27
504.4,54.26
504.5,54.25
504.6,54.24
504.7,54.23
504.8,54.22
504.9,54.21
505,54.2
505.1,54.19
505.2,54.18
505.3,54.17
505.4,54.16
505.5,54.15
505.6,54.14
505.7,54.13
505.8,54.12
505.9,54.11
506,54.1
506.1,54.1
506.2,54.1
506.3,54.1
506.4,54.1
506.5,54.1
506.6,54.1
506.7,54.1
506.8,54.1
506.9,54.1
507,54.1
507.1,54.1
507.2,54.1
507.3,54.1
507.4,54.1
507.5,54.1
507.6,54.1
507.7,54.1
507.8,54.1
507.9,54.1
508,54.1
508.1,54.09
508.2,54.08
508.3,54.07
508.4,54.06
508.5,54.05
508.6,54.04
508.7,54.03
508.8,54.02
508.9,54.01
509,54
509.1,54
509.2,54
509.3,54
509.4,54
509.5,54
509.6,54
509.7,54
509.8,54
509.9,54
510,54
510.1,54
510.2,54
510.3,54
510.4,54
510.5,54
510.6,54
510.7,54
510.8,54
510.9,54
511,54
511.1,54
511.2,54
511.3,54
511.4,54
511.5,54
511.6,54
511.7,54
511.8,54
511.9,54
512,54
512.1,54
512.2,54
512.3,54
512.4,54
512.5,54
512.6,54
512.7,54
512.8,54
512.9,54
513,54
513.1,54
513.2,54
513.3,54
513.4,54
513.5,54
513.6,54
513.7,54
513.8,54
513.9,54
514,54
514.1,54
514.2,54
514.3,54
514.4,54
514.5,54
514.6,54
514.7,54
514.8,54
514.9,54
515,54
515.1,54
515.2,54
515.3,54
515.4,54
515.5,54
515.6,54
515.7,54
515.8,54
515.9,54
516,54
516.1,54.01
516.2,54.02
516.3,54.03
516.4,54.04
516.5,54.05
516.6,54.06
516.7,54.07
516.8,54.08
516.9,54.09
517,54.1
517.1,54.11
517.2,54.12
517.3,54.13
517.4,54.14
517.5,54.15
517.6,54.16
517.7,54.17
517.8,54.18
517.9,54.19
518,54.2
518.1,54.23
518.2,54.26
518.3,54.29
518.4,54.32
518.5,54.35
518.6,54.38
518.7,54.41
518.8,54.44
518.9,54.47
519,54.5
519.1,54.53
519.2,54.56
519.3,54.59
519.4,54.62
519.5,54.65
519.6,54.68
519.7,54.71
519.8,54.74
519.9,54.77
520,54.8
520.1,54.81
520.2,54.82
520.3,54.83
520.4,54.84
520.5,54.85
520.6,54.86
520.7,54.87
520.8,54.88
520.9,54.89
521,54.9
521.1,54.91
521.2,54.92
521.3,54.93
521.4,54.94
521.5,54.95
521.6,54.96
521.7,54.97
521.8,54.98
521.9,54.99
522,55
522.1,55.01
522.2,55.02
522.3,55.03
522.4,55.04
522.5,55.05
522.6,55.06
522.7,55.07
522.8,55.08
522.9,55.09
523,55.1
523.1,55.11
523.2,55.12
523.3,55.13
523.4,55.14
523.5,55.15
523.6,55.16
523.7,55.17
523.8,55.18
523.9,55.19
524,55.2
524.1,55.2
524.2,55.2
524.3,55.2
524.4,55.2
524.5,55.2
524.6,55.2
524.7,55.2
524.8,55.2
524.9,55.2
525,55.2
525.1,55.21
525.2,55.22
525.3,55.23
525.4,55.24
525.5,55.25
525.6,55.26
525.7,55.27
525.8,55.28
525.9,55.29
526,55.3
526.1,55.31
526.2,55.32
526.3,55.33
526.4,55.34
526.5,55.35
526.6,55.36
526.7,55.37
526.8,55.38
526.9,55.39
527,55.4
527.1,55.41
527.2,55.42
527.3,55.43
527.4,55.44
527.5,55.45
527.6,55.46
527.7,55.47
527.8,55.48
527.9,55.49
528,55.5
528.1,55.51
528.2,55.52
528.3,55.53
528.4,55.54
528.5,55.55
528.6,55.56
528.7,55.57
528.8,55.58
528.9,55.59
529,55.6
529.1,55.61
529.2,55.62
529.3,55.63
529.4,55.64
529.5,55.65
529.6,55.66
529.7,55.67
529.8,55.68
529.9,55.69
530,55.7
530.1,55.71
530.2,55.72
530.3,55.73
530.4,55.74
530.5,55.75
530.6,55.76
530.7,55.77
530.8,55.78
530.9,55.79
531,55.8
531.1,55.81
531.2,55.82
531.3,55.83
531.4,55.84
531.5,55.85
531.6,55.86
531.7,55.87
531.8,55.88
531.9,55.89
532,55.9
532.1,55.91
532.2,55.92
532.3,55.93
532.4,55.94
532.5,55.95
532.6,55.96
532.7,55.97
532.8,55.98
532.9,55.99
533,56
533.1,56
533.2,56
533.3,56
533.4,56
533.5,56
533.6,56
533.7,56
533.8,56
533.9,56
534,56
534.1,56
534.2,56
534.3,56
534.4,56
534.5,56
534.6,56
534.7,56
534.8,56
534.9,56
535,56
535.1,56
535.2,56
535.3,56
535.4,56
535.5,56
535.6,56
535.7,56
535.8,56
535.9,56
536,56
536.1,56
536.2,56
536.3,56
536.4,56
536.5,56
536.6,56
536.7,56
536.8,56
536.9,56
537,56
537.1,56
537.2,56
537.3,56
537.4,56
537.5,56
537.6,56
537.7,56
537.8,56
537.9,56
538,56
538.1,56
538.2,56
538.3,56
538.4,56
538.5,56
538.6,56
538.7,56
538.8,56
538.9,56
539,56
539.1,56
539.2,56
539.3,56
539.4,56
539.5,56
539.6,56
539.7,56
539.8,56
539.9,56
540,56
540.1,56
540.2,56
540.3,56
540.4,56
540.5,56
540.6,56
540.7,56
540.8,56
540.9,56
541,56
541.1,56
541.2,56
541.3,56
541.4,56
541.5,56
541.6,56
541.7,56
541.8,56
541.9,56
542,56
542.1,56
542.2,56
542.3,56
542.4,56
542.5,56
542.6,56
542.7,56
542.8,56
542.9,56
543,56
543.1,56
543.2,56
543.3,56
543.4,56
543.5,56
543.6,56
543.7,56
543.8,56
543.9,56
544,56
544.1,56
544.2,56
544.3,56
544.4,56
544.5,56
544.6,56
544.7,56
544.8,56
544.9,56
545,56
545.1,56
545.2,56
545.3,56
545.4,56
545.5,56
545.6,56
545.7,56
545.8,56
545.9,56
546,56
546.1,55.99
546.2,55.98
546.3,55.97
546.4,55.96
546.5,55.95
546.6,55.94
546.7,55.93
546.8,55.92
546.9,55.91
547,55.9
547.1,55.9
547.2,55.9
547.3,55.9
547.4,55.9
547.5,55.9
547.6,55.9
547.7,55.9
547.8,55.9
547.9,55.9
548,55.9
548.1,55.9
548.2,55.9
548.3,55.9
548.4,55.9
548.5,55.9
548.6,55.9
548.7,55.9
548.8,55.9
548.9,55.9
549,55.9
549.1,55.89
549.2,55.88
549.3,55.87
549.4,55.86
549.5,55.85
549.6,55.84
549.7,55.83
549.8,55.82
549.9,55.81
550,55.8
550.1,55.78
550.2,55.76
550.3,55.74
550.4,55.72
550.5,55.7
550.6,55.68
550.7,55.66
550.8,55.64
550.9,55.62
551,55.6
551.1,55.58
551.2,55.56
551.3,55.54
551.4,55.52
551.5,55.5
551.6,55.48
551.7,55.46
551.8,55.44
551.9,55.42
552,55.4
552.1,55.38
552.2,55.36
552.3,55.34
552.4,55.32
552.5,55.3
552.6,55.28
552.7,55.26
552.8,55.24
552.9,55.22
553,55.2
553.1,55.19
553.2,55.18
553.3,55.17
553.4,55.16
553.5,55.15
553.6,55.14
553.7,55.13
553.8,55.12
553.9,55.11
554,55.1
554.1,55.09
554.2,55.08
554.3,55.07
554.4,55.06
554.5,55.05
554.6,55.04
554.7,55.03
554.8,55.02
554.9,55.01
555,55
555.1,54.99
555.2,54.98
555.3,54.97
555.4,54.96
555.5,54.95
555.6,54.94
555.7,54.93
555.8,54.92
555.9,54.91
556,54.9
556.1,54.87
556.2,54.84
556.3,54.81
556.4,54.78
556.5,54.75
556.6,54.72
556.7,54.69
556.8,54.66
556.9,54.63
557,54.6
557.1,54.58
557.2,54.56
557.3,54.54
557.4,54.52
557.5,54.5
557.6,54.48
557.7,54.46
557.8,54.44
557.9,54.42
558,54.4
558.1,54.38
558.2,54.36
558.3,54.34
558.4,54.32
558.5,54.3
558.6,54.28
558.7,54.26
558.8,54.24
558.9,54.22
559,54.2
559.1,54.19
559.2,54.18
559.3,54.17
559.4,54.16
559.5,54.15
559.6,54.14
559.7,54.13
559.8,54.12
559.9,54.11
560,54.1
560.1,54.07
560.2,54.04
560.3,54.01
560.4,53.98
560.5,53.95
560.6,53.92
560.7,53.89
560.8,53.86
560.9,53.83
561,53.8
561.1,53.76
561.2,53.72
561.3,53.68
561.4,53.64
561.5,53.6
561.6,53.56
561.7,53.52
561.8,53.48
561.9,53.44
562,53.4
562.1,53.39
562.2,53.38
562.3,53.37
562.4,53.36
562.5,53.35
562.6,53.34
562.7,53.33
562.8,53.32
562.9,53.31
563,53.3
563.1,53.28
563.2,53.26
563.3,53.24
563.4,53.22
563.5,53.2
563.6,53.18
563.7,53.16
563.8,53.14
563.9,53.12
564,53.1
564.1,53.08
564.2,53.06
564.3,53.04
564.4,53.02
564.5,53
564.6,52.98
564.7,52.96
564.8,52.94
564.9,52.92
565,52.9
565.1,52.87
565.2,52.84
565.3,52.81
565.4,52.78
565.5,52.75
565.6,52.72
565.7,52.69
565.8,52.66
565.9,52.63
566,52.6
566.1,52.58
566.2,52.56
566.3,52.54
566.4,52.52
566.5,52.5
566.6,52.48
566.7,52.46
566.8,52.44
566.9,52.42
567,52.4
567.1,52.38
567.2,52.36
567.3,52.34
567.4,52.32
567.5,52.3
567.6,52.28
567.7,52.26
567.8,52.24
567.9,52.22
568,52.2
568.1,52.19
568.2,52.18
568.3,52.17
568.4,52.16
568.5,52.15
568.6,52.14
568.7,52.13
568.8,52.12
568.9,52.11
569,52.1
569.1,52.09
569.2,52.08
569.3,52.07
569.4,52.06
569.5,52.05
569.6,52.04
569.7,52.03
569.8,52.02
569.9,52.01
570,52
570.1,52
570.2,52
570.3,52
570.4,52
570.5,52
570.6,52
570.7,52
570.8,52
570.9,52
571,52
571.1,52
571.2,52
571.3,52
571.4,52
571.5,52
571.6,52
571.7,52
571.8,52
571.9,52
572,52
572.1,52
572.2,52
572.3,52
572.4,52
572.5,52
572.6,52
572.7,52
572.8,52
572.9,52
573,52
573.1,52.01
573.2,52.02
573.3,52.03
573.4,52.04
573.5,52.05
573.6,52.06
573.7,52.07
573.8,52.08
573.9,52.09
574,52.1
574.1,52.09
574.2,52.08
574.3,52.07
574.4,52.06
574.5,52.05
574.6,52.04
574.7,52.03
574.8,52.02
574.9,52.01
575,52
575.1,52
575.2,52
575.3,52
575.4,52
575.5,52
575.6,52
575.7,52
575.8,52
575.9,52
576,52
576.1,51.99
576.2,51.98
576.3,51.97
576.4,51.96
576.5,51.95
576.6,51.94
576.7,51.93
576.8,51.92
576.9,51.91
577,51.9
577.1,51.87
577.2,51.84
577.3,51.81
577.4,51.78
577.5,51.75
577.6,51.72
577.7,51.69
577.8,51.66
577.9,51.63
578,51.6
578.1,51.58
578.2,51.56
578.3,51.54
578.4,51.52
578.5,51.5
578.6,51.48
578.7,51.46
578.8,51.44
578.9,51.42
579,51.4
579.1,51.37
579.2,51.34
579.3,51.31
579.4,51.28
579.5,51.25
579.6,51.22
579.7,51.19
579.8,51.16
579.9,51.13
580,51.1
580.1,51.06
580.2,51.02
580.3,50.98
580.4,50.94
580.5,50.9
580.6,50.86
580.7,50.82
580.8,50.78
580.9,50.74
581,50.7
581.1,50.66
581.2,50.62
581.3,50.58
581.4,50.54
581.5,50.5
581.6,50.46
581.7,50.42
581.8,50.38
581.9,50.34
582,50.3
582.1,50.25
582.2,50.2
582.3,50.15
582.4,50.1
582.5,50.05
582.6,50
582.7,49.95
582.8,49.9
582.9,49.85
583,49.8
583.1,49.75
583.2,49.7
583.3,49.65
583.4,49.6
583.5,49.55
583.6,49.5
583.7,49.45
583.8,49.4
583.9,49.35
584,49.3
584.1,49.24
584.2,49.18
584.3,49.12
584.4,49.06
584.5,49
584.6,48.94
584.7,48.88
584.8,48.82
584.9,48.76
585,48.7
585.1,48.65
585.2,48.6
585.3,48.55
585.4,48.5
585.5,48.45
585.6,48.4
585.7,48.35
585.8,48.3
585.9,48.25
586,48.2
586.1,48.19
586.2,48.18
586.3,48.17
586.4,48.16
586.5,48.15
586.6,48.14
586.7,48.13
586.8,48.12
586.9,48.11
587,48.1
587.1,48.09
587.2,48.08
587.3,48.07
587.4,48.06
587.5,48.05
587.6,48.04
587.7,48.03
587.8,48.02
587.9,48.01
588,48
588.1,48
588.2,48
588.3,48
588.4,48
588.5,48
588.6,48
588.7,48
588.8,48
588.9,48
589,48
589.1,48.01
589.2,48.02
589.3,48.03
589.4,48.04
589.5,48.05
589.6,48.06
589.7,48.07
589.8,48.08
589.9,48.09
590,48.1
590.1,48.13
590.2,48.16
590.3,48.19
590.4,48.22
590.5,48.25
590.6,48.28
590.7,48.31
590.8,48.34
590.9,48.37
591,48.4
591.1,48.45
591.2,48.5
591.3,48.55
591.4,48.6
591.5,48.65
591.6,48.7
591.7,48.75
591.8,48.8
591.9,48.85
592,48.9
592.1,48.91
592.2,48.92
592.3,48.93
592.4,48.94
592.5,48.95
592.6,48.96
592.7,48.97
592.8,48.98
592.9,48.99
593,49
593.1,49.01
593.2,49.02
593.3,49.03
593.4,49.04
593.5,49.05
593.6,49.06
593.7,49.07
593.8,49.08
593.9,49.09
594,49.1
594.1,49.1
594.2,49.1
594.3,49.1
594.4,49.1
594.5,49.1
594.6,49.1
594.7,49.1
594.8,49.1
594.9,49.1
595,49.1
595.1,49.09
595.2,49.08
595.3,49.07
595.4,49.06
595.5,49.05
595.6,49.04
595.7,49.03
595.8,49.02
595.9,49.01
596,49
596.1,49
596.2,49
596.3,49
596.4,49
596.5,49
596.6,49
596.7,49
596.8,49
596.9,49
597,49
597.1,48.99
597.2,48.98
597.3,48.97
597.4,48.96
597.5,48.95
597.6,48.94
597.7,48.93
597.8,48.92
597.9,48.91
598,48.9
598.1,48.87
598.2,48.84
598.3,48.81
598.4,48.78
598.5,48.75
598.6,48.72
598.7,48.69
598.8,48.66
598.9,48.63
599,48.6
599.1,48.57
599.2,48.54
599.3,48.51
599.4,48.48
599.5,48.45
599.6,48.42
599.7,48.39
599.8,48.36
599.9,48.33
600,48.3
600.1,48.27
600.2,48.24
600.3,48.21
600.4,48.18
600.5,48.15
600.6,48.12
600.7,48.09
600.8,48.06
600.9,48.03
601,48
601.1,47.99
601.2,47.98
601.3,47.97
601.4,47.96
601.5,47.95
601.6,47.94
601.7,47.93
601.8,47.92
601.9,47.91
602,47.9
602.1,47.89
602.2,47.88
602.3,47.87
602.4,47.86
602.5,47.85
602.6,47.84
602.7,47.83
602.8,47.82
602.9,47.81
603,47.8
603.1,47.79
603.2,47.78
603.3,47.77
603.4,47.76
603.5,47.75
603.6,47.74
603.7,47.73
603.8,47.72
603.9,47.71
604,47.7
604.1,47.72
604.2,47.74
604.3,47.76
604.4,47.78
604.5,47.8
604.6,47.82
604.7,47.84
604.8,47.86
604.9,47.88
605,47.9
605.1,47.94
605.2,47.98
605.3,48.02
605.4,48.06
605.5,48.1
605.6,48.14
605.7,48.18
605.8,48.22
605.9,48.26
606,48.3
606.1,48.37
606.2,48.44
606.3,48.51
606.4,48.58
606.5,48.65
606.6,48.72
606.7,48.79
606.8,48.86
606.9,48.93
607,49
607.1,49.01
607.2,49.02
607.3,49.03
607.4,49.04
607.5,49.05
607.6,49.06
607.7,49.07
607.8,49.08
607.9,49.09
608,49.1
608.1,49.09
608.2,49.08
608.3,49.07
608.4,49.06
608.5,49.05
608.6,49.04
608.7,49.03
608.8,49.02
608.9,49.01
609,49
609.1,48.99
609.2,48.98
609.3,48.97
609.4,48.96
609.5,48.95
609.6,48.94
609.7,48.93
609.8,48.92
609.9,48.91
610,48.9
610.1,48.81
610.2,48.72
610.3,48.63
610.4,48.54
610.5,48.45
610.6,48.36
610.7,48.27
610.8,48.18
610.9,48.09
611,48
611.1,47.91
611.2,47.82
611.3,47.73
611.4,47.64
611.5,47.55
611.6,47.46
611.7,47.37
611.8,47.28
611.9,47.19
612,47.1
612.1,47.01
612.2,46.92
612.3,46.83
612.4,46.74
612.5,46.65
612.6,46.56
612.7,46.47
612.8,46.38
612.9,46.29
613,46.2
613.1,46.19
613.2,46.18
613.3,46.17
613.4,46.16
613.5,46.15
613.6,46.14
613.7,46.13
613.8,46.12
613.9,46.11
614,46.1
614.1,46.1
614.2,46.1
614.3,46.1
614.4,46.1
614.5,46.1
614.6,46.1
614.7,46.1
614.8,46.1
614.9,46.1
615,46.1
615.1,46.11
615.2,46.12
615.3,46.13
615.4,46.14
615.5,46.15
615.6,46.16
615.7,46.17
615.8,46.18
615.9,46.19
616,46.2
616.1,46.27
616.2,46.34
616.3,46.41
616.4,46.48
616.5,46.55
616.6,46.62
616.7,46.69
616.8,46.76
616.9,46.83
617,46.9
617.1,46.99
617.2,47.08
617.3,47.17
617.4,47.26
617.5,47.35
617.6,47.44
617.7,47.53
617.8,47.62
617.9,47.71
618,47.8
618.1,47.92
618.2,48.04
618.3,48.16
618.4,48.28
618.5,48.4
618.6,48.52
618.7,48.64
618.8,48.76
618.9,48.88
619,49
619.1,49.07
619.2,49.14
619.3,49.21
619.4,49.28
619.5,49.35
619.6,49.42
619.7,49.49
619.8,49.56
619.9,49.63
620,49.7
620.1,49.79
620.2,49.88
620.3,49.97
620.4,50.06
620.5,50.15
620.6,50.24
620.7,50.33
620.8,50.42
620.9,50.51
621,50.6
621.1,50.69
621.2,50.78
621.3,50.87
621.4,50.96
621.5,51.05
621.6,51.14
621.7,51.23
621.8,51.32
621.9,51.41
622,51.5
622.1,51.57
622.2,51.64
622.3,51.71
622.4,51.78
622.5,51.85
622.6,51.92
622.7,51.99
622.8,52.06
622.9,52.13
623,52.2
623.1,52.25
623.2,52.3
623.3,52.35
623.4,52.4
623.5,52.45
623.6,52.5
623.7,52.55
623.8,52.6
623.9,52.65
624,52.7
624.1,52.73
624.2,52.76
624.3,52.79
624.4,52.82
624.5,52.85
624.6,52.88
624.7,52.91
624.8,52.94
624.9,52.97
625,53
625.1,53.06
625.2,53.12
625.3,53.18
625.4,53.24
625.5,53.3
625.6,53.36
625.7,53.42
625.8,53.48
625.9,53.54
626,53.6
626.1,53.64
626.2,53.68
626.3,53.72
626.4,53.76
626.5,53.8
626.6,53.84
626.7,53.88
626.8,53.92
626.9,53.96
627,54
627.1,54.01
627.2,54.02
627.3,54.03
627.4,54.04
627.5,54.05
627.6,54.06
627.7,54.07
627.8,54.08
627.9,54.09
628,54.1
628.1,54.13
628.2,54.16
628.3,54.19
628.4,54.22
628.5,54.25
628.6,54.28
628.7,54.31
628.8,54.34
628.9,54.37
629,54.4
629.1,54.43
629.2,54.46
629.3,54.49
629.4,54.52
629.5,54.55
629.6,54.58
629.7,54.61
629.8,54.64
629.9,54.67
630,54.7
630.1,54.74
630.2,54.78
630.3,54.82
630.4,54.86
630.5,54.9
630.6,54.94
630.7,54.98
630.8,55.02
630.9,55.06
631,55.1
631.1,55.13
631.2,55.16
631.3,55.19
631.4,55.22
631.5,55.25
631.6,55.28
631.7,55.31
631.8,55.34
631.9,55.37
632,55.4
632.1,55.4
632.2,55.4
632.3,55.4
632.4,55.4
632.5,55.4
632.6,55.4
632.7,55.4
632.8,55.4
632.9,55.4
633,55.4
633.1,55.36
633.2,55.32
633.3,55.28
633.4,55.24
633.5,55.2
633.6,55.16
633.7,55.12
633.8,55.08
633.9,55.04
634,55
634.1,54.95
634.2,54.9
634.3,54.85
634.4,54.8
634.5,54.75
634.6,54.7
634.7,54.65
634.8,54.6
634.9,54.55
635,54.5
635.1,54.41
635.2,54.32
635.3,54.23
635.4,54.14
635.5,54.05
635.6,53.96
635.7,53.87
635.8,53.78
635.9,53.69
636,53.6
636.1,53.49
636.2,53.38
636.3,53.27
636.4,53.16
636.5,53.05
636.6,52.94
636.7,52.83
636.8,52.72
636.9,52.61
637,52.5
637.1,52.27
637.2,52.04
637.3,51.81
637.4,51.58
637.5,51.35
637.6,51.12
637.7,50.89
637.8,50.66
637.9,50.43
638,50.2
638.1,50
638.2,49.8
638.3,49.6
638.4,49.4
638.5,49.2
638.6,49
638.7,48.8
638.8,48.6
638.9,48.4
639,48.2
639.1,48.03
639.2,47.86
639.3,47.69
639.4,47.52
639.5,47.35
639.6,47.18
639.7,47.01
639.8,46.84
639.9,46.67
640,46.5
640.1,46.47
640.2,46.44
640.3,46.41
640.4,46.38
640.5,46.35
640.6,46.32
640.7,46.29
640.8,46.26
640.9,46.23
641,46.2
641.1,46.18
641.2,46.16
641.3,46.14
641.4,46.12
641.5,46.1
641.6,46.08
641.7,46.06
641.8,46.04
641.9,46.02
642,46
642.1,46
642.2,46
642.3,46
642.4,46
642.5,46
642.6,46
642.7,46
642.8,46
642.9,46
643,46
643.1,46.03
643.2,46.06
643.3,46.09
643.4,46.12
643.5,46.15
643.6,46.18
643.7,46.21
643.8,46.24
643.9,46.27
644,46.3
644.1,46.35
644.2,46.4
644.3,46.45
644.4,46.5
644.5,46.55
644.6,46.6
644.7,46.65
644.8,46.7
644.9,46.75
645,46.8
645.1,46.87
645.2,46.94
645.3,47.01
645.4,47.08
645.5,47.15
645.6,47.22
645.7,47.29
645.8,47.36
645.9,47.43
646,47.5
646.1,47.57
646.2,47.64
646.3,47.71
646.4,47.78
646.5,47.85
646.6,47.92
646.7,47.99
646.8,48.06
646.9,48.13
647,48.2
647.1,48.26
647.2,48.32
647.3,48.38
647.4,48.44
647.5,48.5
647.6,48.56
647.7,48.62
647.8,48.68
647.9,48.74
648,48.8
648.1,48.87
648.2,48.94
648.3,49.01
648.4,49.08
648.5,49.15
648.6,49.22
648.7,49.29
648.8,49.36
648.9,49.43
649,49.5
649.1,49.57
649.2,49.64
649.3,49.71
649.4,49.78
649.5,49.85
649.6,49.92
649.7,49.99
649.8,50.06
649.9,50.13
650,50.2
650.1,50.25
650.2,50.3
650.3,50.35
650.4,50.4
650.5,50.45
650.6,50.5
650.7,50.55
650.8,50.6
650.9,50.65
651,50.7
651.1,50.74
651.2,50.78
651.3,50.82
651.4,50.86
651.5,50.9
651.6,50.94
651.7,50.98
651.8,51.02
651.9,51.06
652,51.1
652.1,51.16
652.2,51.22
652.3,51.28
652.4,51.34
652.5,51.4
652.6,51.46
652.7,51.52
652.8,51.58
652.9,51.64
653,51.7
653.1,51.75
653.2,51.8
653.3,51.85
653.4,51.9
653.5,51.95
653.6,52
653.7,52.05
653.8,52.1
653.9,52.15
654,52.2
654.1,52.23
654.2,52.26
654.3,52.29
654.4,52.32
654.5,52.35
654.6,52.38
654.7,52.41
654.8,52.44
654.9,52.47
655,52.5
655.1,52.46
655.2,52.42
655.3,52.38
655.4,52.34
655.5,52.3
655.6,52.26
655.7,52.22
655.8,52.18
655.9,52.14
656,52.1
656.1,52.05
656.2,52
656.3,51.95
656.4,51.9
656.5,51.85
656.6,51.8
656.7,51.75
656.8,51.7
656.9,51.65
657,51.6
657.1,51.55
657.2,51.5
657.3,51.45
657.4,51.4
657.5,51.35
657.6,51.3
657.7,51.25
657.8,51.2
657.9,51.15
658,51.1
658.1,51.09
658.2,51.08
658.3,51.07
658.4,51.06
658.5,51.05
658.6,51.04
658.7,51.03
658.8,51.02
658.9,51.01
659,51
659.1,51
659.2,51
659.3,51
659.4,51
659.5,51
659.6,51
659.7,51
659.8,51
659.9,51
660,51
660.1,51.01
660.2,51.02
660.3,51.03
660.4,51.04
660.5,51.05
660.6,51.06
660.7,51.07
660.8,51.08
660.9,51.09
661,51.1
661.1,51.13
661.2,51.16
661.3,51.19
661.4,51.22
661.5,51.25
661.6,51.28
661.7,51.31
661.8,51.34
661.9,51.37
662,51.4
662.1,51.43
662.2,51.46
662.3,51.49
662.4,51.52
662.5,51.55
662.6,51.58
662.7,51.61
662.8,51.64
662.9,51.67
663,51.7
663.1,51.73
663.2,51.76
663.3,51.79
663.4,51.82
663.5,51.85
663.6,51.88
663.7,51.91
663.8,51.94
663.9,51.97
664,52
664.1,52.02
664.2,52.04
664.3,52.06
664.4,52.08
664.5,52.1
664.6,52.12
664.7,52.14
664.8,52.16
664.9,52.18
665,52.2
665.1,52.23
665.2,52.26
665.3,52.29
665.4,52.32
665.5,52.35
665.6,52.38
665.7,52.41
665.8,52.44
665.9,52.47
666,52.5
666.1,52.53
666.2,52.56
666.3,52.59
666.4,52.62
666.5,52.65
666.6,52.68
666.7,52.71
666.8,52.74
666.9,52.77
667,52.8
667.1,52.79
667.2,52.78
667.3,52.77
667.4,52.76
667.5,52.75
667.6,52.74
667.7,52.73
667.8,52.72
667.9,52.71
668,52.7
668.1,52.69
668.2,52.68
668.3,52.67
668.4,52.66
668.5,52.65
668.6,52.64
668.7,52.63
668.8,52.62
668.9,52.61
669,52.6
669.1,52.57
669.2,52.54
669.3,52.51
669.4,52.48
669.5,52.45
669.6,52.42
669.7,52.39
669.8,52.36
669.9,52.33
670,52.3
670.1,52.3
670.2,52.3
670.3,52.3
670.4,52.3
670.5,52.3
670.6,52.3
670.7,52.3
670.8,52.3
670.9,52.3
671,52.3
671.1,52.31
671.2,52.32
671.3,52.33
671.4,52.34
671.5,52.35
671.6,52.36
671.7,52.37
671.8,52.38
671.9,52.39
672,52.4
672.1,52.41
672.2,52.42
672.3,52.43
672.4,52.44
672.5,52.45
672.6,52.46
672.7,52.47
672.8,52.48
672.9,52.49
673,52.5
673.1,52.52
673.2,52.54
673.3,52.56
673.4,52.58
673.5,52.6
673.6,52.62
673.7,52.64
673.8,52.66
673.9,52.68
674,52.7
674.1,52.7
674.2,52.7
674.3,52.7
674.4,52.7
674.5,52.7
674.6,52.7
674.7,52.7
674.8,52.7
674.9,52.7
675,52.7
675.1,52.67
675.2,52.64
675.3,52.61
675.4,52.58
675.5,52.55
675.6,52.52
675.7,52.49
675.8,52.46
675.9,52.43
676,52.4
676.1,52.37
676.2,52.34
676.3,52.31
676.4,52.28
676.5,52.25
676.6,52.22
676.7,52.19
676.8,52.16
676.9,52.13
677,52.1
677.1,52.06
677.2,52.02
677.3,51.98
677.4,51.94
677.5,51.9
677.6,51.86
677.7,51.82
677.8,51.78
677.9,51.74
678,51.7
678.1,51.64
678.2,51.58
678.3,51.52
678.4,51.46
678.5,51.4
678.6,51.34
678.7,51.28
678.8,51.22
678.9,51.16
679,51.1
679.1,51.04
679.2,50.98
679.3,50.92
679.4,50.86
679.5,50.8
679.6,50.74
679.7,50.68
679.8,50.62
679.9,50.56
680,50.5
680.1,50.46
680.2,50.42
680.3,50.38
680.4,50.34
680.5,50.3
680.6,50.26
680.7,50.22
680.8,50.18
680.9,50.14
681,50.1
681.1,50.07
681.2,50.04
681.3,50.01
681.4,49.98
681.5,49.95
681.6,49.92
681.7,49.89
681.8,49.86
681.9,49.83
682,49.8
682.1,49.79
682.2,49.78
682.3,49.77
682.4,49.76
682.5,49.75
682.6,49.74
682.7,49.73
682.8,49.72
682.9,49.71
683,49.7
683.1,49.69
683.2,49.68
683.3,49.67
683.4,49.66
683.5,49.65
683.6,49.64
683.7,49.63
683.8,49.62
683.9,49.61
684,49.6
684.1,49.59
684.2,49.58
684.3,49.57
684.4,49.56
684.5,49.55
684.6,49.54
684.7,49.53
684.8,49.52
684.9,49.51
685,49.5
685.1,49.5
685.2,49.5
685.3,49.5
685.4,49.5
685.5,49.5
685.6,49.5
685.7,49.5
685.8,49.5
685.9,49.5
686,49.5
686.1,49.52
686.2,49.54
686.3,49.56
686.4,49.58
686.5,49.6
686.6,49.62
686.7,49.64
686.8,49.66
686.9,49.68
687,49.7
687.1,49.73
687.2,49.76
687.3,49.79
687.4,49.82
687.5,49.85
687.6,49.88
687.7,49.91
687.8,49.94
687.9,49.97
688,50
688.1,50.02
688.2,50.04
688.3,50.06
688.4,50.08
688.5,50.1
688.6,50.12
688.7,50.14
688.8,50.16
688.9,50.18
689,50.2
689.1,50.24
689.2,50.28
689.3,50.32
689.4,50.36
689.5,50.4
689.6,50.44
689.7,50.48
689.8,50.52
689.9,50.56
690,50.6
690.1,50.65
690.2,50.7
690.3,50.75
690.4,50.8
690.5,50.85
690.6,50.9
690.7,50.95
690.8,51
690.9,51.05
691,51.1
691.1,51.15
691.2,51.2
691.3,51.25
691.4,51.3
691.5,51.35
691.6,51.4
691.7,51.45
691.8,51.5
691.9,51.55
692,51.6
692.1,51.63
692.2,51.66
692.3,51.69
692.4,51.72
692.5,51.75
692.6,51.78
692.7,51.81
692.8,51.84
692.9,51.87
693,51.9
693.1,51.91
693.2,51.92
693.3,51.93
693.4,51.94
693.5,51.95
693.6,51.96
693.7,51.97
693.8,51.98
693.9,51.99
694,52
694.1,52.01
694.2,52.02
694.3,52.03
694.4,52.04
694.5,52.05
694.6,52.06
694.7,52.07
694.8,52.08
694.9,52.09
695,52.1
695.1,52.13
695.2,52.16
695.3,52.19
695.4,52.22
695.5,52.25
695.6,52.28
695.7,52.31
695.8,52.34
695.9,52.37
696,52.4
696.1,52.45
696.2,52.5
696.3,52.55
696.4,52.6
696.5,52.65
696.6,52.7
696.7,52.75
696.8,52.8
696.9,52.85
697,52.9
697.1,52.94
697.2,52.98
697.3,53.02
697.4,53.06
697.5,53.1
697.6,53.14
697.7,53.18
697.8,53.22
697.9,53.26
698,53.3
698.1,53.34
698.2,53.38
698.3,53.42
698.4,53.46
698.5,53.5
698.6,53.54
698.7,53.58
698.8,53.62
698.9,53.66
699,53.7
699.1,53.75
699.2,53.8
699.3,53.85
699.4,53.9
699.5,53.95
699.6,54
699.7,54.05
699.8,54.1
699.9,54.15
700,54.2
700.1,54.23
700.2,54.26
700.3,54.29
700.4,54.32
700.5,54.35
700.6,54.38
700.7,54.41
700.8,54.44
700.9,54.47
701,54.5
701.1,54.53
701.2,54.56
701.3,54.59
701.4,54.62
701.5,54.65
701.6,54.68
701.7,54.71
701.8,54.74
701.9,54.77
702,54.8
702.1,54.82
702.2,54.84
702.3,54.86
702.4,54.88
702.5,54.9
702.6,54.92
702.7,54.94
702.8,54.96
702.9,54.98
703,55
703.1,55.05
703.2,55.1
703.3,55.15
703.4,55.2
703.5,55.25
703.6,55.3
703.7,55.35
703.8,55.4
703.9,55.45
704,55.5
704.1,55.54
704.2,55.58
704.3,55.62
704.4,55.66
704.5,55.7
704.6,55.74
704.7,55.78
704.8,55.82
704.9,55.86
705,55.9
705.1,55.92
705.2,55.94
705.3,55.96
705.4,55.98
705.5,56
705.6,56.02
705.7,56.04
705.8,56.06
705.9,56.08
706,56.1
706.1,56.12
706.2,56.14
706.3,56.16
706.4,56.18
706.5,56.2
706.6,56.22
706.7,56.24
706.8,56.26
706.9,56.28
707,56.3
707.1,56.31
707.2,56.32
707.3,56.33
707.4,56.34
707.5,56.35
707.6,56.36
707.7,56.37
707.8,56.38
707.9,56.39
708,56.4
708.1,56.41
708.2,56.42
708.3,56.43
708.4,56.44
708.5,56.45
708.6,56.46
708.7,56.47
708.8,56.48
708.9,56.49
709,56.5
709.1,56.52
709.2,56.54
709.3,56.56
709.4,56.58
709.5,56.6
709.6,56.62
709.7,56.64
709.8,56.66
709.9,56.68
710,56.7
710.1,56.72
710.2,56.74
710.3,56.76
710.4,56.78
710.5,56.8
710.6,56.82
710.7,56.84
710.8,56.86
710.9,56.88
711,56.9
711.1,56.91
711.2,56.92
711.3,56.93
711.4,56.94
711.5,56.95
711.6,56.96
711.7,56.97
711.8,56.98
711.9,56.99
712,57
712.1,57.03
712.2,57.06
712.3,57.09
712.4,57.12
712.5,57.15
712.6,57.18
712.7,57.21
712.8,57.24
712.9,57.27
713,57.3
713.1,57.34
713.2,57.38
713.3,57.42
713.4,57.46
713.5,57.5
713.6,57.54
713.7,57.58
713.8,57.62
713.9,57.66
714,57.7
714.1,57.75
714.2,57.8
714.3,57.85
714.4,57.9
714.5,57.95
714.6,58
714.7,58.05
714.8,58.1
714.9,58.15
715,58.2
715.1,58.26
715.2,58.32
715.3,58.38
715.4,58.44
715.5,58.5
715.6,58.56
715.7,58.62
715.8,58.68
715.9,58.74
716,58.8
716.1,58.83
716.2,58.86
716.3,58.89
716.4,58.92
716.5,58.95
716.6,58.98
716.7,59.01
716.8,59.04
716.9,59.07
717,59.1
717.1,59.11
717.2,59.12
717.3,59.13
717.4,59.14
717.5,59.15
717.6,59.16
717.7,59.17
717.8,59.18
717.9,59.19
718,59.2
718.1,59.19
718.2,59.18
718.3,59.17
718.4,59.16
718.5,59.15
718.6,59.14
718.7,59.13
718.8,59.12
718.9,59.11
719,59.1
719.1,59.07
719.2,59.04
719.3,59.01
719.4,58.98
719.5,58.95
719.6,58.92
719.7,58.89
719.8,58.86
719.9,58.83
720,58.8
720.1,58.77
720.2,58.74
720.3,58.71
720.4,58.68
720.5,58.65
720.6,58.62
720.7,58.59
720.8,58.56
720.9,58.53
721,58.5
721.1,58.46
721.2,58.42
721.3,58.38
721.4,58.34
721.5,58.3
721.6,58.26
721.7,58.22
721.8,58.18
721.9,58.14
722,58.1
722.1,58.06
722.2,58.02
722.3,57.98
722.4,57.94
722.5,57.9
722.6,57.86
722.7,57.82
722.8,57.78
722.9,57.74
723,57.7
723.1,57.66
723.2,57.62
723.3,57.58
723.4,57.54
723.5,57.5
723.6,57.46
723.7,57.42
723.8,57.38
723.9,57.34
724,57.3
724.1,57.28
724.2,57.26
724.3,57.24
724.4,57.22
724.5,57.2
724.6,57.18
724.7,57.16
724.8,57.14
724.9,57.12
725,57.1
725.1,57.07
725.2,57.04
725.3,57.01
725.4,56.98
725.5,56.95
725.6,56.92
725.7,56.89
725.8,56.86
725.9,56.83
726,56.8
726.1,56.77
726.2,56.74
726.3,56.71
726.4,56.68
726.5,56.65
726.6,56.62
726.7,56.59
726.8,56.56
726.9,56.53
727,56.5
727.1,56.47
727.2,56.44
727.3,56.41
727.4,56.38
727.5,56.35
727.6,56.32
727.7,56.29
727.8,56.26
727.9,56.23
728,56.2
728.1,56.13
728.2,56.06
728.3,55.99
728.4,55.92
728.5,55.85
728.6,55.78
728.7,55.71
728.8,55.64
728.9,55.57
729,55.5
729.1,55.41
729.2,55.32
729.3,55.23
729.4,55.14
729.5,55.05
729.6,54.96
729.7,54.87
729.8,54.78
729.9,54.69
730,54.6
730.1,54.55
730.2,54.5
730.3,54.45
730.4,54.4
730.5,54.35
730.6,54.3
730.7,54.25
730.8,54.2
730.9,54.15
731,54.1
731.1,54.06
731.2,54.02
731.3,53.98
731.4,53.94
731.5,53.9
731.6,53.86
731.7,53.82
731.8,53.78
731.9,53.74
732,53.7
732.1,53.65
732.2,53.6
732.3,53.55
732.4,53.5
732.5,53.45
732.6,53.4
732.7,53.35
732.8,53.3
732.9,53.25
733,53.2
733.1,53.17
733.2,53.14
733.3,53.11
733.4,53.08
733.5,53.05
733.6,53.02
733.7,52.99
733.8,52.96
733.9,52.93
734,52.9
734.1,52.86
734.2,52.82
734.3,52.78
734.4,52.74
734.5,52.7
734.6,52.66
734.7,52.62
734.8,52.58
734.9,52.54
735,52.5
735.1,52.45
735.2,52.4
735.3,52.35
735.4,52.3
735.5,52.25
735.6,52.2
735.7,52.15
735.8,52.1
735.9,52.05
736,52
736.1,51.93
736.2,51.86
736.3,51.79
736.4,51.72
736.5,51.65
736.6,51.58
736.7,51.51
736.8,51.44
736.9,51.37
737,51.3
737.1,51.22
737.2,51.14
737.3,51.06
737.4,50.98
737.5,50.9
737.6,50.82
737.7,50.74
737.8,50.66
737.9,50.58
738,50.5
738.1,50.4
738.2,50.3
738.3,50.2
738.4,50.1
738.5,50
738.6,49.9
738.7,49.8
738.8,49.7
738.9,49.6
739,49.5
739.1,49.4
739.2,49.3
739.3,49.2
739.4,49.1
739.5,49
739.6,48.9
739.7,48.8
739.8,48.7
739.9,48.6
740,48.5
740.1,48.41
740.2,48.32
740.3,48.23
740.4,48.14
740.5,48.05
740.6,47.96
740.7,47.87
740.8,47.78
740.9,47.69
741,47.6
741.1,47.52
741.2,47.44
741.3,47.36
741.4,47.28
741.5,47.2
741.6,47.12
741.7,47.04
741.8,46.96
741.9,46.88
742,46.8
742.1,46.68
742.2,46.56
742.3,46.44
742.4,46.32
742.5,46.2
742.6,46.08
742.7,45.96
742.8,45.84
742.9,45.72
743,45.6
743.1,45.46
743.2,45.32
743.3,45.18
743.4,45.04
743.5,44.9
743.6,44.76
743.7,44.62
743.8,44.48
743.9,44.34
744,44.2
744.1,44.03
744.2,43.86
744.3,43.69
744.4,43.52
744.5,43.35
744.6,43.18
744.7,43.01
744.8,42.84
744.9,42.67
745,42.5
745.1,42.17
745.2,41.84
745.3,41.51
745.4,41.18
745.5,40.85
745.6,40.52
745.7,40.19
745.8,39.86
745.9,39.53
746,39.2
746.1,38.87
746.2,38.54
746.3,38.21
746.4,37.88
746.5,37.55
746.6,37.22
746.7,36.89
746.8,36.56
746.9,36.23
747,35.9
747.1,35.57
747.2,35.24
747.3,34.91
747.4,34.58
747.5,34.25
747.6,33.92
747.7,33.59
747.8,33.26
747.9,32.93
748,32.6
748.1,32.27
748.2,31.94
748.3,31.61
748.4,31.28
748.5,30.95
748.6,30.62
748.7,30.29
748.8,29.96
748.9,29.63
749,29.3
749.1,29.05
749.2,28.8
749.3,28.55
749.4,28.3
749.5,28.05
749.6,27.8
749.7,27.55
749.8,27.3
749.9,27.05
750,26.8
750.1,26.57
750.2,26.34
750.3,26.11
750.4,25.88
750.5,25.65
750.6,25.42
750.7,25.19
750.8,24.96
750.9,24.73
751,24.5
751.1,24.2
751.2,23.9
751.3,23.6
751.4,23.3
751.5,23
751.6,22.7
751.7,22.4
751.8,22.1
751.9,21.8
752,21.5
752.1,21.3
752.2,21.1
752.3,20.9
752.4,20.7
752.5,20.5
752.6,20.3
752.7,20.1
752.8,19.9
752.9,19.7
753,19.5
753.1,19.29
753.2,19.08
753.3,18.87
753.4,18.66
753.5,18.45
753.6,18.24
753.7,18.03
753.8,17.82
753.9,17.61
754,17.4
754.1,17.17
754.2,16.94
754.3,16.71
754.4,16.48
754.5,16.25
754.6,16.02
754.7,15.79
754.8,15.56
754.9,15.33
755,15.1
755.1,14.83
755.2,14.56
755.3,14.29
755.4,14.02
755.5,13.75
755.6,13.48
755.7,13.21
755.8,12.94
755.9,12.67
756,12.4
756.1,12.13
756.2,11.86
756.3,11.59
756.4,11.32
756.5,11.05
756.6,10.78
756.7,10.51
756.8,10.24
756.9,9.97
757,9.7
757.1,9.43
757.2,9.16
757.3,8.89
757.4,8.62
757.5,8.35
757.6,8.08
757.7,7.81
757.8,7.54
757.9,7.27
758,7
758.1,6.8
758.2,6.6
758.3,6.4
758.4,6.2
758.5,6
758.6,5.8
758.7,5.6
758.8,5.4
758.9,5.2
759,5
759.1,4.83
759.2,4.66
759.3,4.49
759.4,4.32
759.5,4.15
759.6,3.98
759.7,3.81
759.8,3.64
759.9,3.47
760,3.3
760.1,3.17
760.2,3.04
760.3,2.91
760.4,2.78
760.5,2.65
760.6,2.52
760.7,2.39
760.8,2.26
760.9,2.13
761,2
761.1,1.87
761.2,1.74
761.3,1.61
761.4,1.48
761.5,1.35
761.6,1.22
761.7,1.09
761.8,0.96
761.9,0.83
762,0.7
762.1,0.63
762.2,0.56
762.3,0.49
762.4,0.42
762.5,0.35
762.6,0.28
762.7,0.21
762.8,0.14
762.9,0.07
763,0
763.1,0
763.2,0
763.3,0
763.4,0
763.5,0
763.6,0
763.7,0
763.8,0
763.9,0
764,0
764.1,0
764.2,0
764.3,0
764.4,0
764.5,0
764.6,0
764.7,0
764.8,0
764.9,0
765,0
